10420,1799,715,1084,26.7,115,24,34,4.8,70,66,0
10430,1793,715,1077,26.7,115,24,34,4.8,70,66,0
10440,1786,715,1070,26.7,115,24,34,4.8,70,66,0
10450,1781,715,1065,26.7,115,24,34,4.8,70,66,0
10460,1775,715,1059,26.7,115,24,34,4.8,70,66,0
10470,1768,715,1052,26.7,115,24,34,4.8,70,66,0
10480,1762,715,1046,26.7,115,24,34,4.8,70,66,0
10490,1756,716,1040,26.7,115,24,34,4.8,70,66,0
10500,1751,716,1035,26.7,115,24,34,4.8,70,66,0
10510,1748,716,1032,26.7,115,24,34,4.8,70,66,0
10520,1745,716,1029,26.7,115,24,34,4.8,70,66,0
10530,1743,716,1026,26.7,115,24,34,4.8,70,66,0
10540,1737,716,1020,26.7,115,24,34,4.8,70,66,0
10550,1728,716,1012,26.7,115,24,34,4.8,70,66,0
10560,1721,716,1004,26.7,115,24,34,4.8,70,66,0
10570,1714,716,998,26.7,115,24,34,4.8,70,66,0
10580,1708,716,991,26.7,115,24,34,4.8,70,66,0
10590,1702,716,985,26.7,115,24,34,4.8,70,66,0
10600,1698,716,981,26.7,115,24,34,4.8,70,66,0
10610,1692,716,975,26.7,115,24,34,4.8,70,66,0
10620,1685,716,968,26.7,115,24,34,4.8,70,66,0
10630,1679,716,962,26.7,115,24,34,4.8,70,66,0
10640,1674,716,957,26.7,115,24,34,4.8,70,66,0
10650,1670,716,954,26.7,115,24,34,4.8,70,66,0
10660,1666,716,949,26.7,115,24,34,4.8,70,66,0
10670,1660,716,943,26.7,115,24,34,4.8,70,66,0
10680,1655,716,938,26.7,115,24,34,4.8,70,66,0
10690,1650,716,933,26.7,115,24,34,4.8,70,66,0
10700,1642,716,925,26.7,115,24,34,4.8,70,66,0
10710,1633,716,916,26.7,115,24,34,4.8,70,66,0
10720,1624,716,907,26.7,115,24,34,4.8,70,66,0
10730,1614,716,897,26.7,115,24,34,4.8,70,66,0
10740,1605,717,888,26.7,115,24,34,4.8,70,66,0
10750,1598,717,881,26.7,115,24,34,4.8,70,66,0
10760,1591,717,874,26.7,115,24,34,4.8,70,66,0
10770,1584,717,867,26.7,115,24,34,4.8,70,66,0
10780,1578,717,861,26.7,115,24,34,4.8,70,66,0
10790,1574,717,857,26.7,115,24,34,4.8,70,66,0
10800,1570,717,853,26.7,115,24,34,4.8,70,66,0
10810,1569,717,851,26.7,115,24,34,4.8,70,66,0
10820,1567,717,849,26.7,115,24,34,4.8,70,66,0
10830,1560,717,842,26.7,115,24,34,4.8,70,66,0
10840,1552,717,834,26.7,115,24,34,4.8,70,66,0
10850,1543,717,826,26.7,115,24,34,4.8,70,66,0
10860,1535,717,818,26.7,115,24,34,4.8,70,66,0
10870,1527,717,809,26.7,115,24,34,4.8,70,66,0
10880,1519,717,801,26.7,115,24,34,4.8,70,66,0
10890,1511,717,793,26.7,115,24,34,4.8,70,66,0
10900,1503,717,786,26.7,115,24,34,4.8,70,66,0
10910,1496,717,778,26.7,115,24,34,4.8,70,66,0
10920,1489,717,771,26.7,115,24,34,4.8,70,66,0
10930,1483,717,765,26.7,115,24,34,4.8,70,66,0
10940,1476,717,759,26.7,115,24,34,4.8,73,60,0
10950,1470,717,752,26.7,115,24,34,4.8,73,60,0
10960,1463,717,745,26.7,115,24,34,4.8,73,60,0
10970,1456,717,738,26,55,30,22.5,-1,45,45,0
10980,1450,717,732,26,55,30,22.5,-1,45,45,0
10990,1441,718,723,26,55,30,22.5,-1,45,45,0
11000,1432,718,714,26,55,30,22.5,-1,45,45,0
11010,1426,718,708,26,55,30,22.5,-1,45,45,0
11020,1425,718,706,26,55,30,22.5,-1,45,45,0
11030,1425,718,707,26,55,30,22.5,-1,45,45,0
11040,1425,718,707,26,55,30,22.5,-1,45,45,0
11050,1422,718,704,26,55,30,22.5,-1,45,45,0
11060,1416,718,698,26,55,30,22.5,-1,45,45,0
11070,1411,718,692,26,55,30,22.5,-1,45,45,0
11080,1405,718,686,26,55,30,22.5,-1,45,45,0
11090,1399,718,680,26,55,30,22.5,-1,45,45,0
11100,1393,718,675,26,55,30,22.5,-1,45,45,0
11110,1388,718,670,26,55,30,22.5,-1,45,45,0
11120,1383,718,665,26,5,20,22.5,-1,55,55,0
11130,1379,718,660,26,5,20,22.5,-1,55,55,0
11140,1374,718,656,26,5,20,22.5,-1,55,55,0
11150,1368,718,650,26,30,25,14,-1,45,45,0
11160,1362,718,644,26,30,25,14,-1,45,45,0
11170,1355,718,637,26,30,25,14,-1,45,45,0
11180,1348,718,629,26,30,25,14,-1,45,45,0
11190,1337,718,618,26,30,25,14,-1,45,45,0
11200,1326,718,607,27,45,25,31,-1,55,54,0
11210,1316,718,597,27,45,25,31,-1,55,54,0
11220,1305,718,586,27,45,25,31,-1,55,54,0
11230,1294,718,575,27,45,25,31,-1,55,54,0
11240,1284,719,565,27,45,25,31,-1,55,54,0
11250,1274,719,555,27,45,25,31,-1,55,54,0
11260,1267,719,548,27,45,25,31,-1,55,54,0
11270,1259,719,539,27,45,25,31,-1,55,54,0
11280,1251,719,532,27,45,25,31,-1,55,54,0
11290,1248,719,529,27,45,25,31,-1,55,54,0
11300,1246,719,527,27,45,25,31,-1,55,54,0
11310,1246,719,527,27,45,25,31,-1,55,54,0
11320,1246,719,526,27,45,25,31,-1,55,54,0
11330,1245,719,525,27,45,25,31,-1,55,54,0
11340,1239,719,520,27,45,25,31,-1,55,54,0
11350,1233,719,514,27,45,25,31,-1,55,54,0
11360,1228,719,508,27,45,25,31,-1,55,54,0
11370,1232,719,512,27,45,25,31,-1,55,54,0
11380,1237,719,518,27,45,25,31,-1,55,54,0
11390,1241,719,522,27,45,25,31,-1,55,54,0
11400,1242,719,522,27,45,25,31,-1,55,54,0
11410,1236,719,517,27,45,25,31,-1,55,54,0
11420,1227,719,507,27,45,25,31,-1,55,54,0
11430,1213,719,493,27,45,25,31,-1,55,54,0
11440,1199,719,479,27,45,25,31,-1,55,54,0
11450,1193,719,474,27,45,25,31,-1,55,54,0
11460,1188,719,468,27,45,25,31,-1,55,54,0
11470,1182,719,462,27,45,25,31,-1,55,54,0
11480,1177,719,457,27,45,25,31,-1,55,54,0
11490,1174,720,454,27,45,25,31,-1,55,54,0
11500,1174,720,454,27,45,25,31,-1,55,54,0
11510,1174,720,454,27,45,25,31,-1,55,54,0
11520,1174,720,454,27,45,25,31,-1,55,54,0
11530,1174,720,454,27,45,25,31,-1,55,54,0
11540,1174,720,454,27,45,25,31,-1,55,54,0
11550,1174,720,454,27,45,25,31,-1,55,54,0
11560,1178,720,457,27,45,25,31,-1,55,54,0
11570,1185,720,465,27,45,25,31,-1,55,54,0
11580,1193,720,472,27,45,25,31,-1,55,54,0
11590,1200,720,480,27,45,25,31,-1,55,54,0
11600,1203,720,482,27,45,25,31,-1,55,54,0
11610,1205,720,485,27,45,25,31,-1,55,54,0
11620,1206,720,486,27,45,25,31,-1,55,54,0
11630,1207,720,487,27,45,25,31,-1,55,54,0
11640,1210,720,489,27,45,25,31,-1,55,54,0
11650,1212,720,491,27,45,25,31,-1,55,54,0
11660,1216,720,495,27,45,25,31,-1,55,54,0
11670,1219,720,499,27,45,25,31,-1,55,54,0
11680,1224,720,503,27,45,25,31,-1,55,54,0
11690,1229,720,508,27,45,25,31,-1,55,54,0
11700,1235,720,514,27,45,25,31,-1,55,54,0
11710,1241,720,520,27,45,25,31,-1,55,54,0
11720,1248,720,527,27,45,25,31,-1,55,54,0
11730,1255,720,534,27,45,25,31,-1,55,54,0
11740,1263,721,542,27,45,25,20,-1,40,40,0
11750,1269,721,548,27,45,25,20,-1,40,40,0
11760,1271,721,549,27,45,25,20,-1,40,40,0
11770,1269,721,548,27,5,20,21.5,-1,52,51,0
11780,1267,721,546,27,5,20,21.5,-1,52,51,0
11790,1263,721,542,27,5,20,21.5,-1,52,51,0
11800,1260,721,539,27,5,20,21.5,-1,52,51,0
11810,1256,721,535,27,5,20,21.5,-1,52,51,0
11820,1252,721,531,27,5,20,21.5,-1,52,51,0
11830,1250,721,529,27,5,20,21.5,-1,52,51,0
11840,1249,721,527,27,5,20,21.5,-1,52,51,0
11850,1241,721,520,27,5,20,21.5,-1,52,51,0
11860,1234,721,512,27,5,20,21.5,-1,52,51,0
11870,1226,721,505,27,5,20,21.5,-1,52,51,0
11880,1220,721,498,27,5,20,21.5,-1,52,51,0
11890,1214,721,492,27,5,20,21.5,-1,52,51,0
11900,1207,721,486,27,5,20,21.5,-1,52,51,0
11910,1202,721,480,27,5,20,21.5,-1,52,51,0
11920,1196,721,475,27,5,20,21.5,-1,52,51,0
11930,1191,721,470,27,5,20,21.5,-1,52,51,0
11940,1187,721,465,27,5,20,21.5,-1,52,51,0
11950,1181,721,460,27,5,20,21.5,-1,52,51,0
11960,1176,721,454,27,5,20,21.5,-1,52,51,0
11970,1174,721,452,27,25,23,25,-1,42,42,0
11980,1174,721,452,27,25,23,25,-1,42,42,0
11990,1172,722,450,27,25,23,25,-1,42,42,0
12000,1170,722,448,27,50,20,15,-1,60,55,0
12010,1170,722,448,27,50,20,15,-1,60,55,0
12020,1172,722,450,27,50,20,15,-1,60,55,0
12030,1173,722,451,27,50,20,15,-1,60,55,0
12040,1173,722,451,27,50,20,15,-1,60,55,0
12050,1174,722,452,27,50,20,15,-1,60,55,0
12060,1174,722,452,27,50,20,15,-1,60,55,0
12070,1179,722,457,27,5,20,30,-1,52,51,0
12080,1186,722,464,27,5,20,30,-1,52,51,0
12090,1193,722,471,27,5,20,30,-1,52,51,0
12100,1200,722,478,27,5,20,30,-1,52,51,0
12110,1207,722,484,27,5,20,30,-1,52,51,0
12120,1212,722,490,27,5,20,30,-1,52,51,0
12130,1218,722,496,27,5,20,30,-1,52,51,0
12140,1224,722,501,27,5,20,30,-1,52,51,0
12150,1230,722,507,27,5,20,30,-1,52,51,0
12160,1236,722,513,27,5,20,30,-1,52,51,0
12170,1242,722,519,27,5,20,30,-1,52,51,0
12180,1247,722,524,27,5,20,30,-1,52,51,0
12190,1253,722,530,27,5,20,30,-1,52,51,0
12200,1260,722,537,27,5,20,30,-1,52,51,0
12210,1267,722,545,27,5,20,30,-1,52,51,0
12220,1275,722,552,27,5,20,30,-1,52,51,0
12230,1282,722,559,27,5,20,30,-1,52,51,0
12240,1290,723,567,27,5,20,30,-1,52,51,0
12250,1297,723,574,27,5,20,30,-1,52,51,0
12260,1303,723,580,27,5,20,30,-1,52,51,0
12270,1308,723,585,27,5,20,30,-1,52,51,0
12280,1314,723,591,27,5,20,30,-1,52,51,0
12290,1319,723,596,27,5,20,30,-1,52,51,0
12300,1324,723,601,27,5,20,30,-1,52,51,0
12310,1329,723,606,27,5,20,30,-1,52,51,0
12320,1335,723,611,27,5,20,30,-1,52,51,0
12330,1340,723,617,27,5,20,30,-1,52,51,0
12340,1347,723,623,27,5,20,30,-1,52,51,0
12350,1353,723,629,27,5,20,30,-1,52,51,0
12360,1359,723,636,27,5,20,30,-1,52,51,0
12370,1366,723,642,27,5,20,30,-1,52,51,0
12380,1372,723,648,27,5,20,30,-1,52,51,0
12390,1379,723,655,27,5,20,30,-1,52,51,0
12400,1386,723,663,27,5,20,30,-1,52,51,0
12410,1394,723,670,27,25,23,25,-1,42,42,0
12420,1401,723,677,27,25,23,25,-1,42,42,0
12430,1409,723,685,27,25,23,25,-1,42,42,0
12440,1416,723,692,27,25,23,25,-1,42,42,0
12450,1422,723,698,27,25,23,25,-1,42,42,0
12460,1427,723,703,27,5,20,30,-1,52,51,0
12470,1432,723,708,27,5,20,30,-1,52,51,0
12480,1439,723,715,27,5,20,30,-1,52,51,0
12490,1448,724,724,27,5,20,30,-1,52,51,0
12500,1449,724,725,27,5,20,30,-1,52,51,0
12510,1456,724,731,27,5,20,30,-1,52,51,0
12520,1464,724,740,27,5,20,30,-1,52,51,0
12530,1473,724,749,27,5,20,30,-1,52,51,0
12540,1479,724,755,27,5,20,30,-1,52,51,0
12550,1488,724,764,27,5,20,30,-1,52,51,0
12560,1497,724,773,27,5,20,30,-1,52,51,0
12570,1506,724,781,27,5,20,30,-1,52,51,0
12580,1514,724,789,27,5,20,30,-1,52,51,0
12590,1521,724,797,27,25,23,25,-1,42,42,0
12600,1530,724,805,27,25,23,25,-1,42,42,0
12610,1539,724,814,28,72,16,50,-1,50,60,0
12620,1546,724,822,28,72,16,50,-1,50,60,0
12630,1553,724,829,28,72,16,50,-1,50,60,0
12640,1559,724,835,28,72,16,50,-1,50,60,0
12650,1567,724,842,28,72,16,50,-1,50,60,0
12660,1574,724,849,28,72,16,50,-1,50,60,0
12670,1576,724,852,28,72,16,50,-1,50,60,0
12680,1587,724,862,28,72,16,50,-1,50,60,0
12690,1598,724,873,28,72,16,50,-1,50,60,0
12700,1608,724,883,28,72,16,50,-1,50,60,0
12710,1618,724,893,28,72,16,50,-1,50,60,0
12720,1627,724,902,28,72,16,50,-1,50,60,0
12730,1635,724,910,28,72,16,50,-1,50,60,0
12740,1643,725,918,28,72,16,50,-1,50,60,0
12750,1651,725,926,28,72,16,50,-1,50,60,0
12760,1661,725,936,28,72,16,50,-1,50,60,0
12770,1671,725,946,28,72,16,50,-1,50,60,0
12780,1681,725,955,28,72,16,50,-1,50,60,0
12790,1690,725,965,28,72,16,50,-1,50,60,0
12800,1700,725,975,28,72,16,50,-1,50,60,0
12810,1709,725,983,28,72,16,50,-1,50,60,0
12820,1717,725,992,28,72,16,50,-1,50,60,0
12830,1726,725,1001,28,72,16,50,-1,50,60,0
12840,1735,725,1010,28,72,16,50,-1,50,60,0
12850,1745,725,1019,28,72,16,50,-1,50,60,0
12860,1754,725,1028,28,72,16,50,-1,50,60,0
12870,1762,725,1037,28,72,16,50,-1,50,60,0
12880,1771,725,1045,28,72,16,50,-1,50,60,0
12890,1780,725,1054,28,72,16,50,-1,50,60,0
12900,1789,725,1063,28,72,16,50,-1,50,60,0
12910,1797,725,1071,28,72,16,50,-1,50,60,0
12920,1805,725,1079,28,72,16,50,-1,50,60,0
12930,1813,725,1087,28,72,16,50,-1,50,60,0
12940,1821,725,1095,28,72,16,50,-1,50,60,0
12950,1828,725,1102,28,72,16,50,-1,50,60,0
12960,1835,725,1109,28,72,16,50,-1,50,60,0
12970,1841,725,1115,28,72,16,50,-1,50,60,0
12980,1847,725,1121,28,72,16,50,-1,50,60,0
12990,1850,726,1124,28,72,16,50,-1,50,60,0
13000,1850,726,1124,28,72,16,50,-1,50,60,0
13010,1850,726,1124,28,72,16,50,-1,50,60,0
13020,1850,726,1124,28,72,16,50,-1,50,60,0
13030,1850,726,1124,28,72,16,50,-1,50,60,0
13040,1850,726,1124,28,72,16,50,-1,50,60,0
13050,1850,726,1124,28,72,16,50,-1,50,60,0
13060,1850,726,1123,28,72,16,50,-1,50,60,0
13070,1848,726,1121,28,72,16,50,-1,50,60,0
13080,1842,726,1116,28,72,16,50,-1,50,60,0
13090,1836,726,1110,28,72,16,50,-1,50,60,0
13100,1831,726,1104,28,72,16,50,-1,50,60,0
13110,1826,726,1099,28,72,16,50,-1,50,60,0
13120,1822,726,1095,28,72,16,50,-1,50,60,0
13130,1818,726,1092,28,72,16,50,-1,50,60,0
13140,1816,726,1089,28,72,16,50,-1,50,60,0
13150,1814,726,1087,28,72,16,50,-1,50,60,0
13160,1811,726,1085,28,72,16,50,-1,50,60,0
13170,1809,726,1083,28,72,16,50,-1,50,60,0
13180,1807,726,1080,28,72,16,50,-1,50,60,0
13190,1805,726,1078,28,72,16,50,-1,50,60,0
13200,1803,726,1076,28,72,16,50,-1,50,60,0
13210,1801,726,1074,28,72,16,50,-1,50,60,0
13220,1799,726,1072,28,72,16,50,-1,50,60,0
13230,1797,726,1070,28,72,16,50,-1,50,60,0
13240,1795,727,1068,28,115,17,50,-1,65,70,0
13250,1792,727,1065,28,115,17,50,-1,65,70,0
13260,1790,727,1063,28,115,17,50,-1,65,70,0
13270,1789,727,1061,28,115,17,50,-1,65,70,0
13280,1787,727,1060,28,115,17,50,-1,65,70,0
13290,1784,727,1057,28,115,17,50,-1,65,70,0
13300,1782,727,1055,28,72,16,50,-1,50,60,0
13310,1778,727,1051,28,72,16,50,-1,50,60,0
13320,1773,727,1046,28,72,16,50,-1,50,60,0
13330,1766,727,1039,28,72,16,50,-1,50,60,0
13340,1761,727,1034,28,72,16,50,-1,50,60,0
13350,1762,727,1034,28,72,16,50,-1,50,60,0
13360,1766,727,1038,28,72,16,50,-1,50,60,0
13370,1769,727,1041,28,72,16,50,-1,50,60,0
13380,1769,727,1041,28,72,16,50,-1,50,60,0
13390,1767,727,1040,28,72,16,50,-1,50,60,0
13400,1766,727,1038,28,72,16,50,-1,50,60,0
13410,1762,727,1034,28,72,16,50,-1,50,60,0
13420,1758,727,1031,28,72,16,50,-1,50,60,0
13430,1755,727,1027,28,72,16,50,-1,50,60,0
13440,1752,727,1024,28,72,16,50,-1,50,60,0
13450,1748,727,1021,28,72,16,50,-1,50,60,0
13460,1746,727,1018,28,72,16,50,-1,50,60,0
13470,1744,727,1016,28,72,16,50,-1,50,60,0
13480,1744,727,1016,28,72,16,50,-1,50,60,0
13490,1745,728,1017,28,72,16,50,-1,50,60,0
13500,1746,728,1018,28,72,16,50,-1,50,60,0
13510,1747,728,1019,28,72,16,50,-1,50,60,0
13520,1746,728,1018,28,72,16,50,-1,50,60,0
13530,1744,728,1015,28,72,16,50,-1,50,60,0
13540,1740,728,1012,28,72,16,50,-1,50,60,0
13550,1736,728,1007,28,72,16,50,-1,50,60,0
13560,1732,728,1004,28,72,16,50,-1,50,60,0
13570,1729,728,1000,28,72,16,50,-1,50,60,0
13580,1726,728,998,28,72,16,50,-1,50,60,0
13590,1724,728,996,28,72,16,50,-1,50,60,0
13600,1723,728,995,28,72,16,50,-1,50,60,0
13610,1722,728,994,28,72,16,50,-1,50,60,0
13620,1723,728,994,28,72,16,50,-1,50,60,0
13630,1724,728,995,28,72,16,50,-1,50,60,0
13640,1728,728,999,28,72,16,50,-1,50,60,0
13650,1732,728,1003,28,72,16,50,-1,50,60,0
13660,1737,728,1008,28,72,16,50,-1,50,60,0
13670,1741,728,1012,28,72,16,50,-1,50,60,0
13680,1745,728,1016,28,72,16,50,-1,50,60,0
13690,1750,728,1021,28,72,16,50,-1,50,60,0
13700,1755,728,1026,28,72,16,50,-1,50,60,0
13710,1761,728,1032,28,72,16,50,-1,50,60,0
13720,1767,728,1039,28,72,16,50,-1,50,60,0
13730,1774,728,1045,28,72,16,50,-1,50,60,0
13740,1782,729,1053,28,72,16,50,-1,50,60,0
13750,1791,729,1062,28,115,17,50,-1,65,70,0
13760,1799,729,1070,28,115,17,50,-1,65,70,0
13770,1808,729,1079,28,115,17,50,-1,65,70,0
13780,1816,729,1087,28,115,17,50,-1,65,70,0
13790,1824,729,1095,28,115,17,50,-1,65,70,0
13800,1833,729,1103,27.8,140,20,53,4.3,65,70,0
13810,1841,729,1112,27.8,140,20,53,4.3,65,70,0
13820,1850,729,1121,27.8,140,20,53,4.3,65,70,0
13830,1860,729,1130,27.8,140,20,53,4.3,65,70,0
13840,1869,729,1139,27.8,140,20,53,4.3,65,70,0
13850,1878,729,1149,27.8,140,20,53,4.3,65,70,0
13860,1889,729,1160,27.8,140,20,53,4.3,65,70,0
13870,1900,729,1170,27.8,140,20,53,4.3,65,70,0
13880,1908,729,1178,27.8,140,20,53,4.3,65,70,0
13890,1915,729,1186,27.8,140,20,53,4.3,65,70,0
13900,1923,729,1194,27.8,140,20,53,4.3,65,70,0
13910,1925,729,1195,27.8,140,20,53,4.3,65,70,0
13920,1926,729,1196,27.8,140,20,53,4.3,65,70,0
13930,1928,729,1198,27.8,140,20,53,4.3,65,70,0
13940,1928,729,1199,27.8,140,20,53,4.3,65,70,0
13950,1926,729,1196,27.8,140,20,53,4.3,65,70,0
13960,1924,729,1194,27.8,140,20,53,4.3,65,70,0
13970,1921,729,1192,27.8,140,20,53,4.3,65,70,0
13980,1922,729,1192,27.8,140,20,53,4.3,65,70,0
13990,1925,730,1195,27.8,140,20,53,4.3,65,70,0
14000,1928,730,1198,27.8,140,20,53,4.3,65,70,0
14010,1931,730,1201,27.8,140,20,53,4.3,65,70,0
14020,1933,730,1203,27.8,140,20,53,4.3,65,70,0
14030,1931,730,1201,27.8,140,20,53,4.3,65,70,0
14040,1927,730,1197,27.8,140,20,53,4.3,65,70,0
14050,1923,730,1193,27.8,140,20,53,4.3,65,70,0
14060,1919,730,1188,27.8,140,20,53,4.3,65,70,0
14070,1913,730,1183,27.8,140,20,53,4.3,65,70,0
14080,1907,730,1176,27.8,140,20,53,4.3,65,70,0
14090,1900,730,1170,27.8,140,20,53,4.3,65,70,0
14100,1893,730,1162,27.8,140,20,53,4.3,65,70,0
14110,1885,730,1155,27.8,140,20,53,4.3,65,70,0
14120,1879,730,1148,27.8,140,20,53,4.3,65,70,0
14130,1872,730,1142,27.8,140,20,53,4.3,65,70,0
14140,1867,730,1136,27.3,75,17,56,3.8,50,60,0
14150,1861,730,1131,27.3,75,17,56,3.8,50,60,0
14160,1857,730,1126,27.3,75,17,56,3.8,50,60,0
14170,1853,730,1122,27.3,75,17,56,3.8,50,60,0
14180,1849,730,1118,27.3,75,17,56,3.8,50,60,0
14190,1846,730,1115,26.6,41,12,43,2.7,50,60,0
14200,1843,730,1112,26.6,41,12,43,2.7,50,60,0
14210,1840,730,1109,26.6,41,12,43,2.7,50,60,0
14220,1837,730,1106,26.6,41,12,43,2.7,50,60,0
14230,1834,730,1103,26.6,41,12,43,2.7,50,60,0
14240,1831,731,1100,26.6,41,12,43,2.7,50,60,0
14250,1827,731,1096,26.6,41,12,43,2.7,50,60,0
14260,1824,731,1093,26.6,41,12,43,2.7,50,60,0
14270,1821,731,1090,26.6,41,12,43,2.7,50,60,0
14280,1818,731,1087,26.6,41,12,43,2.7,50,60,0
14290,1816,731,1085,26.6,41,12,43,2.7,50,60,0
14300,1814,731,1083,26.6,41,12,43,2.7,50,60,0
14310,1813,731,1081,26.6,41,12,43,2.7,50,60,0
14320,1811,731,1080,26.6,41,12,43,2.7,50,60,0
14330,1809,731,1078,26.6,41,12,43,2.7,50,60,0
14340,1806,731,1075,26.6,41,12,43,2.7,50,60,0
14350,1803,731,1072,26.6,41,12,43,2.7,50,60,0
14360,1800,731,1069,26.6,41,12,43,2.7,50,60,0
14370,1797,731,1065,26.6,41,12,43,2.7,50,60,0
14380,1792,731,1061,26.6,41,12,43,2.7,50,60,0
14390,1787,731,1056,26.6,41,12,43,2.7,50,60,0
14400,1782,731,1050,26.6,41,12,43,2.7,50,60,0
14410,1776,731,1044,26.6,41,12,43,2.7,50,60,0
14420,1770,731,1038,26.6,41,12,43,2.7,50,60,0
14430,1764,731,1033,26.6,41,12,43,2.7,50,60,0
14440,1759,731,1027,26.6,41,12,43,2.7,50,60,0
14450,1754,731,1022,26.6,41,12,43,2.7,50,60,0
14460,1757,731,1025,26.6,41,12,43,2.7,50,60,0
14470,1763,731,1031,26.6,41,12,43,2.7,50,60,0
14480,1769,731,1037,26.6,41,12,43,2.7,50,60,0
14490,1776,732,1044,26.6,41,12,43,2.7,50,60,0
14500,1782,732,1050,26.6,41,12,43,2.7,50,60,0
14510,1789,732,1057,26.6,41,12,43,2.7,50,60,0
14520,1796,732,1063,26.6,41,12,43,2.7,50,60,0
14530,1802,732,1070,27.3,54,8,39,2.3,40,45,0
14540,1807,732,1075,27.3,54,8,39,2.3,40,45,0
14550,1811,732,1078,27.3,54,8,39,2.3,40,45,0
14560,1812,732,1080,27.3,54,8,39,2.3,40,45,0
14570,1810,732,1077,27.3,54,8,39,2.3,40,45,0
14580,1804,732,1071,27.3,54,8,39,2.3,40,45,0
14590,1799,732,1067,25,15,7,5,-1,25,30,0
14600,1796,732,1064,28.2,48,13,46,3.2,60,60,0
14610,1794,732,1062,26.6,41,12,43,2.7,50,60,0
14620,1792,732,1059,26.6,41,12,43,2.7,50,60,0
14630,1789,732,1056,26.6,41,12,43,2.7,50,60,0
14640,1785,732,1053,26.6,41,12,43,2.7,50,60,0
14650,1780,732,1048,26.6,41,12,43,2.7,50,60,0
14660,1775,732,1042,26.6,41,12,43,2.7,50,60,0
14670,1774,732,1041,26.6,41,12,43,2.7,50,60,0
14680,1774,732,1042,26.6,41,12,43,2.7,50,60,0
14690,1778,732,1046,26.6,41,12,43,2.7,50,60,0
14700,1783,732,1050,26.6,41,12,43,2.7,50,60,0
14710,1788,732,1055,26.6,41,12,43,2.7,50,60,0
14720,1787,732,1054,26.6,41,12,43,2.7,50,60,0
14730,1785,732,1052,26.6,41,12,43,2.7,50,60,0
14740,1782,733,1049,26.6,41,12,43,2.7,50,60,0
14750,1776,733,1043,26.6,41,12,43,2.7,50,60,0
14760,1770,733,1037,26.6,41,12,43,2.7,50,60,0
14770,1763,733,1030,26.6,41,12,43,2.7,50,60,0
14780,1757,733,1023,26.6,41,12,43,2.7,50,60,0
14790,1754,733,1021,26.6,41,12,43,2.7,50,60,0
14800,1756,733,1023,26.6,41,12,43,2.7,50,60,0
14810,1758,733,1025,26.6,41,12,43,2.7,50,60,0
14820,1759,733,1026,26.6,41,12,43,2.7,50,60,0
14830,1761,733,1028,26.6,41,12,43,2.7,50,60,0
14840,1763,733,1029,26.6,41,12,43,2.7,50,60,0
14850,1764,733,1031,26.6,41,12,43,2.7,50,60,0
14860,1762,733,1029,26.6,41,12,43,2.7,50,60,0
14870,1757,733,1024,26.6,41,12,43,2.7,50,60,0
14880,1751,733,1018,26.6,41,12,43,2.7,50,60,0
14890,1745,733,1012,26.6,41,12,43,2.7,50,60,0
14900,1741,733,1007,26.6,41,12,43,2.7,50,60,0
14910,1737,733,1003,26.6,41,12,43,2.7,50,60,0
14920,1733,733,999,26.6,41,12,43,2.7,50,60,0
14930,1729,733,996,26.6,41,12,43,2.7,50,60,0
14940,1725,733,992,26.6,41,12,43,2.7,50,60,0
14950,1721,733,987,26.6,41,12,43,2.7,50,60,0
14960,1717,733,983,26.6,41,12,43,2.7,50,60,0
14970,1713,733,979,26.6,41,12,43,2.7,50,60,0
14980,1708,733,974,26.6,41,12,43,2.7,50,60,0
14990,1704,734,970,26.6,41,12,43,2.7,50,60,0
15000,1701,734,967,26.6,41,12,43,2.7,50,60,0
15010,1697,734,963,26.6,41,12,43,2.7,50,60,0
15020,1694,734,960,26.6,41,12,43,2.7,50,60,0
15030,1691,734,957,26.6,41,12,43,2.7,50,60,0
15040,1688,734,954,26.6,41,12,43,2.7,50,60,0
15050,1685,734,951,26.6,41,12,43,2.7,50,60,0
15060,1682,734,947,26.6,41,12,43,2.7,50,60,0
15070,1678,734,944,26.6,41,12,43,2.7,50,60,0
15080,1675,734,941,26.6,41,12,43,2.7,50,60,0
15090,1672,734,938,26.6,41,12,43,2.7,50,60,0
15100,1670,734,935,26.6,41,12,43,2.7,50,60,0
15110,1668,734,933,26.6,41,12,43,2.7,50,60,0
15120,1666,734,931,26.6,41,12,43,2.7,50,60,0
15130,1664,734,929,26.6,41,12,43,2.7,50,60,0
15140,1663,734,928,26.6,41,12,43,2.7,50,60,0
15150,1662,734,927,26.6,41,12,43,2.7,50,60,0
15160,1661,734,926,26.6,41,12,43,2.7,50,60,0
15170,1659,734,924,26.6,41,12,43,2.7,50,60,0
15180,1659,734,924,26.6,41,12,43,2.7,50,60,0
15190,1660,734,925,26.6,41,12,43,2.7,50,60,0
15200,1660,734,925,26.6,41,12,43,2.7,50,60,0
15210,1661,734,926,26.6,41,12,43,2.7,50,60,0
15220,1661,734,926,26.6,41,12,43,2.7,50,60,0
15230,1662,734,927,26.6,41,12,43,2.7,50,60,0
15240,1661,735,926,26.6,41,12,43,2.7,50,60,0
15250,1661,735,926,26.6,41,12,43,2.7,50,60,0
15260,1660,735,924,26.6,41,12,43,2.7,50,60,0
15270,1658,735,923,26.6,41,12,43,2.7,50,60,0
15280,1656,735,921,26.6,41,12,43,2.7,50,60,0
15290,1654,735,919,26.6,41,12,43,2.7,50,60,0
15300,1651,735,916,26.6,41,12,43,2.7,50,60,0
15310,1648,735,913,26.6,41,12,43,2.7,50,60,0
15320,1649,735,913,26.6,41,12,43,2.7,50,60,0
15330,1652,735,917,26.6,41,12,43,2.7,50,60,0
15340,1658,735,922,26.6,41,12,43,2.7,50,60,0
15350,1663,735,927,26.6,41,12,43,2.7,50,60,0
15360,1667,735,932,26.6,41,12,43,2.7,50,60,0
15370,1672,735,937,26.6,41,12,43,2.7,50,60,0
15380,1677,735,941,26.6,41,12,43,2.7,50,60,0
15390,1681,735,945,26.6,41,12,43,2.7,50,60,0
15400,1685,735,949,26.6,41,12,43,2.7,50,60,0
15410,1689,735,954,26.6,41,12,43,2.7,50,60,0
15420,1694,735,958,26.6,41,12,43,2.7,50,60,0
15430,1698,735,962,26.6,41,12,43,2.7,50,60,0
15440,1702,735,966,26.6,41,12,43,2.7,50,60,0
15450,1706,735,970,26.6,41,12,43,2.7,50,60,0
15460,1710,735,974,26.6,41,12,43,2.7,50,60,0
15470,1714,735,978,26.6,41,12,43,2.7,50,60,0
15480,1718,735,982,26.6,41,12,43,2.7,50,60,0
15490,1723,736,987,26.6,41,12,43,2.7,50,60,0
15500,1727,736,991,26.6,41,12,43,2.7,50,60,0
15510,1733,736,997,26.6,41,12,43,2.7,50,60,0
15520,1739,736,1003,26.6,41,12,43,2.7,50,60,0
15530,1745,736,1009,26.6,41,12,43,2.7,50,60,0
15540,1751,736,1014,26.6,41,12,43,2.7,50,60,0
15550,1757,736,1021,26.6,41,12,43,2.7,50,60,0
15560,1764,736,1028,26.6,41,12,43,2.7,50,60,0
15570,1770,736,1034,26.6,41,12,43,2.7,50,60,0
15580,1778,736,1041,26.6,41,12,43,2.7,50,60,0
15590,1786,736,1050,26.6,41,12,43,2.7,50,60,0
15600,1795,736,1059,26.6,41,12,43,2.7,50,60,0
15610,1804,736,1068,26.6,41,12,43,2.7,50,60,0
15620,1814,736,1078,26.6,41,12,43,2.7,50,60,0
15630,1832,736,1095,26.6,41,12,43,2.7,50,60,0
15640,1855,736,1119,26.6,41,12,43,2.7,50,60,0
15650,1875,736,1139,26.6,41,12,43,2.7,50,60,0
15660,1880,736,1143,26.6,41,12,43,2.7,50,60,0
15670,1880,736,1144,26.6,41,12,43,2.7,50,60,0
15680,1878,736,1141,26.6,41,12,43,2.7,50,60,0
15690,1883,736,1146,26.6,41,12,43,2.7,50,60,0
15700,1894,736,1157,26.6,41,12,43,2.7,50,60,0
15710,1904,736,1167,26.6,41,12,43,2.7,50,60,0
15720,1918,736,1181,26.6,41,12,43,2.7,50,60,0
15730,1929,736,1192,26.6,41,12,43,2.7,50,60,0
15740,1937,737,1200,26.6,41,12,43,2.7,50,60,0
15750,1945,737,1207,26.6,41,12,43,2.7,50,60,0
15760,1953,737,1216,26.6,41,12,43,2.7,50,60,0
15770,1963,737,1226,26.6,41,12,43,2.7,50,60,0
15780,1972,737,1235,26.6,41,12,43,2.7,50,60,0
15790,1982,737,1245,26.6,41,12,43,2.7,50,60,0
15800,1991,737,1254,26.6,41,12,43,2.7,50,60,0
15810,2000,737,1263,26.6,41,12,43,2.7,50,60,0
15820,2009,737,1272,26.6,41,12,43,2.7,50,60,0
15830,2017,737,1279,26.6,41,12,43,2.7,50,60,0
15840,2024,737,1286,26.6,41,12,43,2.7,50,60,0
15850,2031,737,1294,26.6,41,12,43,2.7,50,60,0
15860,2040,737,1303,26.6,41,12,43,2.7,50,60,0
15870,2050,737,1312,26.6,41,12,43,2.7,50,60,0
15880,2061,737,1323,26.6,41,12,43,2.7,50,60,0
15890,2071,737,1334,26.6,41,12,43,2.7,50,60,0
15900,2081,737,1344,26.6,41,12,43,2.7,50,60,0
15910,2092,737,1355,26.6,41,12,43,2.7,50,60,0
15920,2099,737,1361,26.6,41,12,43,2.7,50,60,0
15930,2091,737,1354,26.6,41,12,43,2.7,50,60,0
15940,2092,737,1354,26.6,41,12,43,2.7,50,60,0
15950,2096,737,1358,26.6,41,12,43,2.7,50,60,0
15960,2089,737,1351,26.6,41,12,43,2.7,50,60,0
15970,2089,737,1351,26.6,41,12,43,2.7,50,60,0
15980,2094,737,1356,26.6,41,12,43,2.7,50,60,0
15990,2102,738,1364,26.6,41,12,43,2.7,50,60,0
16000,2112,738,1374,26.6,41,12,43,2.7,50,60,0
16010,2122,738,1384,26.8,98,14,43,2,55,55,0
16020,2129,738,1391,26.8,98,14,43,2,55,55,0
16030,2138,738,1400,26.8,98,14,43,2,55,55,0
16040,2149,738,1411,26.8,98,14,43,2,55,55,0
16050,2164,738,1425,26.8,98,14,43,2,55,55,0
16060,2162,738,1424,26.8,98,14,43,2,55,55,0
16070,2156,738,1418,26.8,98,14,43,2,55,55,0
16080,2151,738,1413,26.8,98,14,43,2,55,55,0
16090,2154,738,1416,26.8,98,14,43,2,55,55,0
16100,2161,738,1423,26.8,98,14,43,2,55,55,0
16110,2171,738,1432,26.8,98,14,43,2,55,55,0
16120,2181,738,1443,26.8,98,14,43,2,55,55,0
16130,2188,738,1449,26.8,98,14,43,2,55,55,0
16140,2192,738,1453,26.8,98,14,43,2,55,55,0
16150,2194,738,1456,26.8,98,14,43,2,55,55,0
16160,2199,738,1461,26.8,98,14,43,2,55,55,0
16170,2210,738,1471,26.8,98,14,43,2,55,55,0
16180,2221,738,1482,26.8,98,14,43,2,55,55,0
16190,2225,738,1486,26.8,98,14,43,2,55,55,0
16200,2225,738,1486,26.8,98,14,43,2,55,55,0
16210,2219,738,1480,26.8,98,14,43,2,55,55,0
16220,2213,738,1474,26.8,98,14,43,2,55,55,0
16230,2212,738,1473,26.8,98,14,43,2,55,55,0
16240,2210,739,1471,26.8,98,14,43,2,55,55,0
16250,2210,739,1471,27.3,54,8,40,2.3,40,45,0
16260,2215,739,1476,27.3,54,8,40,2.3,40,45,0
16270,2222,739,1483,27.3,54,8,40,2.3,40,45,0
16280,2228,739,1489,27.3,54,8,40,2.3,40,45,0
16290,2235,739,1495,27.3,54,8,40,2.3,40,45,0
16300,2241,739,1502,27.3,54,8,40,2.3,40,45,0
16310,2248,739,1508,27.3,54,8,40,2.3,40,45,0
16320,2251,739,1512,27.3,54,8,40,2.3,40,45,0
16330,2254,739,1515,27.3,54,8,40,2.3,40,45,0
16340,2256,739,1516,27.3,54,8,40,2.3,40,45,0
16350,2257,739,1518,27.3,54,8,40,2.3,40,45,0
16360,2259,739,1519,27.3,54,8,40,2.3,40,45,0
16370,2261,739,1521,27.3,54,8,40,2.3,40,45,0
16380,2264,739,1524,27.3,54,8,40,2.3,40,45,0
16390,2269,739,1529,27.3,54,8,40,2.3,40,45,0
16400,2275,739,1535,27.3,54,8,40,2.3,40,45,0
16410,2279,739,1540,27.3,54,8,40,2.3,40,45,0
16420,2285,739,1545,27.3,54,8,40,2.3,40,45,0
16430,2290,739,1551,27,60,14,40,-1,55,55,0
16440,2298,739,1558,27,60,14,40,-1,55,55,0
16450,2303,739,1563,28.2,97,13,48,3.2,70,60,0
16460,2306,739,1566,25,15,7,5,-1,25,30,0
16470,2308,739,1568,27,71,8,43,3,35,45,0
16480,2308,739,1568,27,71,8,43,3,35,45,0
16490,2308,740,1568,27,71,8,43,3,35,45,0
16500,2309,740,1569,27,71,8,43,3,35,45,0
16510,2310,740,1570,27,71,8,43,3,35,45,0
16520,2313,740,1573,27,71,8,43,3,35,45,0
16530,2317,740,1576,27,71,8,43,3,35,45,0
16540,2321,740,1581,27,71,8,43,3,35,45,0
16550,2324,740,1583,27,71,8,43,3,35,45,0
16560,2324,740,1584,27,71,8,43,3,35,45,0
16570,2329,740,1589,27,71,8,43,3,35,45,0
16580,2335,740,1594,27,71,8,43,3,35,45,0
16590,2340,740,1599,27,71,8,43,3,35,45,0
16600,2344,740,1604,27,71,8,43,3,35,45,0
16610,2346,740,1605,27,71,8,43,3,35,45,0
16620,2345,740,1604,27,71,8,43,3,35,45,0
16630,2340,740,1600,27,71,8,43,3,35,45,0
16640,2336,740,1595,27,71,8,43,3,35,45,0
16650,2330,740,1589,27,71,8,43,3,35,45,0
16660,2324,740,1583,27,71,8,43,3,35,45,0
16670,2320,740,1580,27,71,8,43,3,35,45,0
16680,2318,740,1577,27,71,8,43,3,35,45,0
16690,2316,740,1575,27,71,8,43,3,35,45,0
16700,2314,740,1573,27,71,8,43,3,35,45,0
16710,2313,740,1572,27,71,8,43,3,35,45,0
16720,2312,740,1571,27,71,8,43,3,35,45,0
16730,2308,740,1567,27,71,8,43,3,35,45,0
16740,2304,741,1563,27,71,8,43,3,35,45,0
16750,2301,741,1559,27,71,8,43,3,35,45,0
16760,2297,741,1556,27,71,8,43,3,35,45,0
16770,2298,741,1557,27,71,8,43,3,35,45,0
16780,2304,741,1563,26.8,117,17,38,4,55,60,0
16790,2306,741,1564,26.8,117,17,38,4,55,60,0
16800,2301,741,1560,26.8,117,17,38,4,55,60,0
16810,2292,741,1551,26.8,117,17,38,4,55,60,0
16820,2285,741,1543,26.8,117,17,38,4,55,60,0
16830,2279,741,1538,26.8,117,17,38,4,55,60,0
16840,2275,741,1534,26.8,117,17,38,4,55,60,0
16850,2274,741,1532,26.8,117,17,38,4,55,60,0
16860,2273,741,1531,26.8,117,17,38,4,55,60,0
16870,2271,741,1530,26.8,117,17,38,4,55,60,0
16880,2267,741,1526,26.8,117,17,38,4,55,60,0
16890,2262,741,1521,26.8,117,17,38,4,55,60,0
16900,2261,741,1519,26.8,117,17,38,4,55,60,0
16910,2261,741,1519,26.8,117,17,38,4,55,60,0
16920,2262,741,1520,26.8,117,17,38,4,55,60,0
16930,2262,741,1520,26.8,117,17,38,4,55,60,0
16940,2262,741,1520,26.8,117,17,38,4,55,60,0
16950,2262,741,1520,26.8,117,17,38,4,55,60,0
16960,2262,741,1520,26.8,117,17,38,4,55,60,0
16970,2262,741,1520,26.8,117,17,38,4,55,60,0
16980,2263,741,1521,26.8,117,17,38,4,55,60,0
16990,2263,742,1521,26.8,117,17,38,4,55,60,0
17000,2263,742,1521,26.8,117,17,38,4,55,60,0
17010,2263,742,1521,26.8,117,17,38,4,55,60,0
17020,2264,742,1522,26.8,117,17,38,4,55,60,0
17030,2264,742,1522,26.8,117,17,38,4,55,60,0
17040,2265,742,1523,26.8,98,15,51,2,50,55,0
17050,2266,742,1524,26.8,98,15,51,2,50,55,0
17060,2265,742,1523,26.8,98,15,51,2,50,55,0
17070,2265,742,1523,26.8,98,15,51,2,50,55,0
17080,2264,742,1522,26.8,98,15,51,2,50,55,0
17090,2264,742,1522,26.8,98,15,51,2,50,55,0
17100,2265,742,1522,26.8,98,15,51,2,50,55,0
17110,2265,742,1523,26.8,98,15,51,2,50,55,0
17120,2264,742,1522,26.8,98,15,51,2,50,55,0
17130,2264,742,1521,26.8,98,15,51,2,50,55,0
17140,2263,742,1520,26.8,98,15,51,2,50,55,0
17150,2262,742,1520,26.8,98,15,51,2,50,55,0
17160,2261,742,1518,26.8,98,15,51,2,50,55,0
17170,2259,742,1517,26.8,98,15,51,2,50,55,0
17180,2257,742,1514,26.8,98,15,51,2,50,55,0
17190,2257,742,1514,26.8,98,15,51,2,50,55,0
17200,2257,742,1514,26.8,98,15,51,2,50,55,0
17210,2258,742,1515,26.8,98,15,51,2,50,55,0
17220,2257,742,1514,26.8,98,15,51,2,50,55,0
17230,2255,742,1512,26.8,98,15,51,2,50,55,0
17240,2252,743,1509,26.8,98,15,51,2,50,55,0
17250,2250,743,1507,27.4,90,11,39,3.1,40,50,0
17260,2253,743,1510,27.4,90,11,39,3.1,40,50,0
17270,2257,743,1514,27.4,90,11,39,3.1,40,50,0
17280,2259,743,1516,27.4,90,11,39,3.1,40,50,0
17290,2259,743,1516,27.4,90,11,39,3.1,40,50,0
17300,2259,743,1516,27.4,90,11,39,3.1,40,50,0
17310,2259,743,1516,28.2,97,13,48,3.2,60,55,0
17320,2259,743,1516,25,15,7,5,-1,25,30,0
17330,2258,743,1515,27.4,90,11,39,3.1,40,50,0
17340,2257,743,1514,27.4,90,11,39,3.1,40,50,0
17350,2256,743,1513,27.4,90,11,39,3.1,40,50,0
17360,2255,743,1511,27.4,90,11,39,3.1,40,50,0
17370,2252,743,1508,27.4,90,11,39,3.1,40,50,0
17380,2248,743,1504,27.4,90,11,39,3.1,40,50,0
17390,2243,743,1500,27.4,90,11,39,3.1,40,50,0
17400,2237,743,1493,27.4,90,11,39,3.1,40,50,0
17410,2229,743,1485,27.4,90,11,39,3.1,40,50,0
17420,2221,743,1477,27.4,90,11,39,3.1,40,50,0
17430,2217,743,1473,27.4,90,11,39,3.1,40,50,0
17440,2215,743,1471,27.4,90,11,39,3.1,40,50,0
17450,2213,743,1470,27.4,90,11,39,3.1,40,50,0
17460,2212,743,1468,27.4,90,11,39,3.1,40,50,0
17470,2210,743,1466,27.4,90,11,39,3.1,40,50,0
17480,2207,743,1464,27.4,90,11,39,3.1,40,50,0
17490,2204,744,1460,27.4,90,11,39,3.1,40,50,0
17500,2201,744,1457,27.4,90,11,39,3.1,40,50,0
17510,2199,744,1455,27.4,90,11,39,3.1,40,50,0
17520,2197,744,1453,27.4,90,11,39,3.1,40,50,0
17530,2195,744,1451,27.4,90,11,39,3.1,40,50,0
17540,2194,744,1449,27.4,90,11,39,3.1,40,50,0
17550,2192,744,1448,27.4,90,11,39,3.1,40,50,0
17560,2192,744,1447,27.4,90,11,39,3.1,40,50,0
17570,2193,744,1448,27.4,90,11,39,3.1,40,50,0
17580,2194,744,1450,27.4,90,11,39,3.1,40,50,0
17590,2198,744,1453,27.4,90,11,39,3.1,40,50,0
17600,2205,744,1461,27.4,90,11,39,3.1,40,50,0
17610,2214,744,1469,27.4,90,11,39,3.1,40,50,0
17620,2222,744,1477,27.4,90,11,39,3.1,40,50,0
17630,2225,744,1480,27.4,90,11,39,3.1,40,50,0
17640,2226,744,1481,27.4,90,11,39,3.1,40,50,0
17650,2226,744,1482,27.4,90,11,39,3.1,40,50,0
17660,2226,744,1481,27.4,90,11,39,3.1,40,50,0
17670,2225,744,1481,27.4,90,11,39,3.1,40,50,0
17680,2225,744,1480,27.4,90,11,39,3.1,40,50,0
17690,2223,744,1478,27.4,90,11,39,3.1,40,50,0
17700,2220,744,1475,27.4,90,11,39,3.1,40,50,0
17710,2218,744,1473,27,71,8,43,3,35,45,0
17720,2215,744,1470,27,71,8,43,3,35,45,0
17730,2211,744,1466,27,71,8,43,3,35,45,0
17740,2207,745,1462,27,71,8,43,3,35,45,0
17750,2204,745,1458,27,71,8,43,3,35,45,0
17760,2200,745,1455,27,71,8,43,3,35,45,0
17770,2196,745,1451,27,71,8,43,3,35,45,0
17780,2191,745,1446,27,71,8,43,3,35,45,0
17790,2186,745,1441,27,71,8,43,3,35,45,0
17800,2180,745,1435,27,71,8,43,3,35,45,0
17810,2174,745,1429,27,71,8,43,3,35,45,0
17820,2169,745,1423,27,71,8,43,3,35,45,0
17830,2164,745,1418,27,71,8,43,3,35,45,0
17840,2159,745,1413,27,71,8,43,3,35,45,0
17850,2154,745,1408,27,71,8,43,3,35,45,0
17860,2149,745,1403,27,71,8,43,3,35,45,0
17870,2143,745,1397,27,71,8,43,3,35,45,0
17880,2136,745,1391,27,71,8,43,3,35,45,0
17890,2130,745,1385,27,71,8,43,3,35,45,0
17900,2125,745,1379,27,71,8,43,3,35,45,0
17910,2120,745,1374,27,71,8,43,3,35,45,0
17920,2115,745,1370,27,71,8,43,3,35,45,0
17930,2111,745,1365,27,71,8,43,3,35,45,0
17940,2105,745,1360,27,71,8,43,3,35,45,0
17950,2101,745,1355,27,71,8,43,3,35,45,0
17960,2096,745,1351,27,71,8,43,3,35,45,0
17970,2092,745,1346,27,71,8,43,3,35,45,0
17980,2088,745,1342,27,71,8,43,3,35,45,0
17990,2085,746,1339,27,71,8,43,3,35,45,0
18000,2082,746,1336,27,71,8,43,3,35,45,0
18010,2079,746,1332,27,71,8,43,3,35,45,0
18020,2076,746,1329,27,71,8,43,3,35,45,0
18030,2071,746,1325,27,71,8,43,3,35,45,0
18040,2065,746,1319,27,71,8,43,3,35,45,0
18050,2059,746,1312,27,71,8,43,3,35,45,0
18060,2052,746,1306,26.8,117,17,38,4,55,60,0
18070,2046,746,1300,26.8,117,17,38,4,55,60,0
18080,2041,746,1295,26.8,117,17,38,4,55,60,0
18090,2036,746,1290,26.8,117,17,38,4,55,60,0
18100,2031,746,1285,26.8,117,17,38,4,55,60,0
18110,2027,746,1280,26.8,117,17,38,4,55,60,0
18120,2022,746,1275,26.8,117,17,38,4,55,60,0
18130,2016,746,1270,26.8,117,17,38,4,55,60,0
18140,2010,746,1264,26.8,117,17,38,4,55,60,0
18150,2004,746,1257,26.8,117,17,38,4,55,60,0
18160,1997,746,1251,26.8,117,17,38,4,55,60,0
18170,1991,746,1244,26.8,117,17,38,4,55,60,0
18180,1984,746,1238,26.8,117,17,38,4,55,60,0
18190,1979,746,1232,26.8,117,17,38,4,55,60,0
18200,1975,746,1228,26.8,117,17,38,4,55,60,0
18210,1972,746,1225,26.8,117,17,38,4,55,60,0
18220,1969,746,1223,26.8,117,17,38,4,55,60,0
18230,1967,746,1220,26.8,117,17,38,4,55,60,0
18240,1963,747,1216,26.8,117,17,38,4,55,60,0
18250,1959,747,1212,26.8,117,17,38,4,55,60,0
18260,1954,747,1207,26.8,117,17,38,4,55,60,0
18270,1950,747,1203,26.8,117,17,38,4,55,60,0
18280,1946,747,1199,26.8,117,17,38,4,55,60,0
18290,1943,747,1196,26.8,117,17,38,4,55,60,0
18300,1941,747,1193,28.2,97,13,48,3.2,60,55,0
18310,1938,747,1191,25,15,7,5,-1,25,30,0
18320,1936,747,1189,26.8,98,15,51,2,55,60,0
18330,1934,747,1187,26.8,98,15,51,2,55,60,0
18340,1932,747,1185,26.8,98,15,51,2,55,60,0
18350,1930,747,1182,26.8,98,15,51,2,55,60,0
18360,1928,747,1180,26.8,98,15,51,2,55,60,0
18370,1927,747,1179,26.8,98,15,51,2,55,60,0
18380,1927,747,1179,26.8,98,15,51,2,55,60,0
18390,1928,747,1180,26.8,98,15,51,2,55,60,0
18400,1929,747,1181,26.8,98,15,51,2,55,60,0
18410,1929,747,1182,26.8,98,15,51,2,55,60,0
18420,1931,747,1183,26.8,98,15,51,2,55,60,0
18430,1932,747,1184,26.8,98,15,51,2,55,60,0
18440,1933,747,1185,26.8,98,15,51,2,55,60,0
18450,1933,747,1185,26.8,98,15,51,2,55,60,0
18460,1931,747,1183,26.8,98,15,51,2,55,60,0
18470,1927,747,1179,26.8,98,15,51,2,55,60,0
18480,1922,747,1174,26.8,98,15,51,2,55,60,0
18490,1918,748,1170,26.8,98,15,51,2,55,60,0
18500,1915,748,1167,26.8,98,15,51,2,55,60,0
18510,1913,748,1165,26.8,98,15,51,2,55,60,0
18520,1910,748,1161,26.8,98,15,51,2,55,60,0
18530,1905,748,1157,26.8,98,15,51,2,55,60,0
18540,1901,748,1153,26.8,98,15,51,2,55,60,0
18550,1894,748,1145,26.8,98,15,51,2,55,60,0
18560,1889,748,1141,26.8,98,15,51,2,55,60,0
18570,1889,748,1140,26.8,98,15,51,2,55,60,0
18580,1889,748,1140,26.8,98,15,51,2,55,60,0
18590,1887,748,1139,26.8,98,15,51,2,55,60,0
18600,1886,748,1137,26.8,98,15,51,2,55,60,0
18610,1882,748,1133,26.8,98,15,51,2,55,60,0
18620,1875,748,1127,26.8,98,15,51,2,55,60,0
18630,1867,748,1118,26.8,98,15,51,2,55,60,0
18640,1858,748,1109,26.8,98,15,51,2,55,60,0
18650,1848,748,1100,26.8,98,15,51,2,55,60,0
18660,1841,748,1092,26.8,98,15,51,2,55,60,0
18670,1834,748,1085,26.8,98,15,51,2,55,60,0
18680,1827,748,1078,26.8,98,15,51,2,55,60,0
18690,1823,748,1074,26.8,98,15,51,2,55,60,0
18700,1820,748,1071,26.8,98,15,51,2,55,60,0
18710,1819,748,1070,26.8,98,15,51,2,55,60,0
18720,1822,748,1073,26.8,98,15,51,2,55,60,0
18730,1826,748,1077,26.8,98,15,51,2,55,60,0
18740,1828,749,1079,26.8,98,15,51,2,55,60,0
18750,1828,749,1079,26.8,98,15,51,2,55,60,0
18760,1828,749,1079,26.8,98,15,51,2,55,60,0
18770,1830,749,1080,26.8,98,15,51,2,55,60,0
18780,1839,749,1089,26.8,98,15,51,2,55,60,0
18790,1851,749,1101,26.8,98,15,51,2,55,60,0
18800,1860,749,1111,26.8,98,15,51,2,55,60,0
18810,1865,749,1116,26.8,98,15,51,2,55,60,0
18820,1867,749,1118,26.8,98,15,51,2,55,60,0
18830,1868,749,1119,26.8,98,15,51,2,55,60,0
18840,1871,749,1122,26.8,98,15,51,2,55,60,0
18850,1875,749,1126,26.8,98,15,51,2,55,60,0
18860,1883,749,1133,26.8,98,15,51,2,55,60,0
18870,1889,749,1140,26.8,98,15,51,2,55,60,0
18880,1896,749,1146,26.8,98,15,51,2,55,60,0
18890,1904,749,1154,26.8,98,15,51,2,55,60,0
18900,1914,749,1164,26.8,98,15,51,2,55,60,0
18910,1919,749,1170,26.8,98,15,51,2,55,60,0
18920,1925,749,1175,26.8,98,15,51,2,55,60,0
18930,1932,749,1182,26.8,98,15,51,2,55,60,0
18940,1937,749,1188,26.8,98,15,51,2,55,60,0
18950,1941,749,1192,26.8,98,15,51,2,55,60,0
18960,1947,749,1197,26.8,98,15,51,2,55,60,0
18970,1954,749,1204,26.9,98,13,40,2,50,60,0
18980,1964,749,1214,26.9,98,13,40,2,50,60,0
18990,1974,749,1224,26.9,98,13,40,2,50,60,0
19000,1979,750,1229,26.9,98,13,40,2,50,60,0
19010,1983,750,1233,26.9,98,13,40,2,50,60,0
19020,1987,750,1236,26.9,98,13,40,2,50,60,0
19030,1988,750,1238,26.9,98,13,40,2,50,60,0
19040,1987,750,1237,26.9,98,13,40,2,50,60,0
19050,1984,750,1234,26.9,98,13,40,2,50,60,0
19060,1981,750,1231,26.9,98,13,40,2,50,60,0
19070,1978,750,1228,26.9,98,13,40,2,50,60,0
19080,1981,750,1231,26.9,98,13,40,2,50,60,0
19090,1988,750,1237,26.9,98,13,40,2,50,60,0
19100,1995,750,1245,26.9,98,13,40,2,50,60,0
19110,2001,750,1251,26.9,98,13,40,2,50,60,0
19120,2004,750,1254,26.9,98,13,40,2,50,60,0
19130,2001,750,1251,26.9,98,13,40,2,50,60,0
19140,1996,750,1245,26.9,98,13,40,2,50,60,0
19150,1990,750,1239,26.9,98,13,40,2,50,60,0
19160,1986,750,1235,26.9,98,13,40,2,50,60,0
19170,1985,750,1235,26.9,98,13,40,2,50,60,0
19180,1986,750,1235,26.9,98,13,40,2,50,60,0
19190,1987,750,1237,26.9,98,13,40,2,50,60,0
19200,1989,750,1238,26.9,98,13,40,2,50,60,0
19210,1990,750,1239,26.9,98,13,40,2,50,60,0
19220,1991,750,1240,26.9,98,13,40,2,50,60,0
19230,1991,750,1240,26.9,98,13,40,2,50,60,0
19240,1988,750,1237,26.9,98,13,40,2,50,60,0
19250,1983,751,1232,26.9,98,13,40,2,50,60,0
19260,1977,751,1225,26.9,98,13,40,2,50,60,0
19270,1971,751,1220,26.9,98,13,40,2,50,60,0
19280,1966,751,1215,26.9,98,13,40,2,50,60,0
19290,1964,751,1213,26.9,98,13,40,2,50,60,0
19300,1963,751,1212,26.9,98,13,40,2,50,60,0
19310,1963,751,1211,26.9,98,13,40,2,50,60,0
19320,1963,751,1212,26.9,98,13,40,2,50,60,0
19330,1966,751,1215,26.9,98,13,40,2,50,60,0
19340,1970,751,1219,26.9,98,13,40,2,50,60,0
19350,1970,751,1218,26.9,98,13,40,2,50,60,0
19360,1966,751,1214,26.9,98,13,40,2,50,60,0
19370,1961,751,1210,26.9,98,13,40,2,50,60,0
19380,1957,751,1205,26.9,98,13,40,2,50,60,0
19390,1952,751,1201,26.9,98,13,40,2,50,60,0
19400,1950,751,1199,26.9,98,13,40,2,50,60,0
19410,1950,751,1198,26.9,98,13,40,2,50,60,0
19420,1949,751,1197,26.9,98,13,40,2,50,60,0
19430,1948,751,1196,26.9,98,13,40,2,50,60,0
19440,1946,751,1195,26.9,98,13,40,2,50,60,0
19450,1946,751,1194,26.9,98,13,40,2,50,60,0
19460,1946,751,1194,26.9,98,13,40,2,50,60,0
19470,1946,751,1194,26.9,98,13,40,2,50,60,0
19480,1946,751,1194,26.9,98,13,40,2,50,60,0
19490,1944,751,1192,26.9,98,13,40,2,50,60,0
19500,1941,752,1189,26.9,98,13,40,2,50,60,0
19510,1937,752,1185,26.9,98,13,40,2,50,60,0
19520,1931,752,1179,26.9,98,13,40,2,50,60,0
19530,1925,752,1172,26.9,98,13,40,2,50,60,0
19540,1918,752,1165,26.9,98,13,40,2,50,60,0
19550,1910,752,1158,26.9,98,13,40,2,50,60,0
19560,1903,752,1151,26.9,98,13,40,2,50,60,0
19570,1896,752,1143,26.9,98,13,40,2,50,60,0
19580,1887,752,1135,26.9,98,13,40,2,50,60,0
19590,1879,752,1127,26.9,98,13,40,2,50,60,0
19600,1872,752,1119,26.9,98,13,40,2,50,60,0
19610,1865,752,1112,26.9,98,13,40,2,50,60,0
19620,1858,752,1106,27.4,54,8,39,2.5,40,50,0
19630,1851,752,1099,27.4,54,8,39,2.5,40,50,0
19640,1845,752,1092,27.4,54,8,39,2.5,40,50,0
19650,1839,752,1086,27.4,54,8,39,2.5,40,50,0
19660,1833,752,1080,27.4,54,8,39,2.5,40,50,0
19670,1827,752,1074,27.4,54,8,39,2.5,40,50,0
19680,1820,752,1068,27.4,54,8,39,2.5,40,50,0
19690,1814,752,1061,27.4,54,8,39,2.5,40,50,0
19700,1808,752,1055,27.4,54,8,39,2.5,40,50,0
19710,1802,752,1049,27.4,54,8,39,2.5,40,50,0
19720,1796,752,1044,27.4,54,8,39,2.5,40,50,0
19730,1791,752,1038,27.4,54,8,39,2.5,40,50,0
19740,1785,752,1032,27.4,54,8,39,2.5,40,50,0
19750,1780,753,1027,27.4,54,8,39,2.5,40,50,0
19760,1774,753,1021,27.4,54,8,39,2.5,40,50,0
19770,1768,753,1015,27.4,54,8,39,2.5,40,50,0
19780,1763,753,1010,27.4,54,8,39,2.5,40,50,0
19790,1757,753,1004,27.4,54,8,39,2.5,40,50,0
19800,1752,753,999,27.4,54,8,39,2.5,40,50,0
19810,1748,753,995,27.4,54,8,39,2.5,40,50,0
19820,1744,753,991,27.4,54,8,39,2.5,40,50,0
19830,1740,753,987,27.4,54,8,39,2.5,40,50,0
19840,1737,753,984,27.4,54,8,39,2.5,40,50,0
19850,1735,753,982,27.4,54,8,39,2.5,40,50,0
19860,1733,753,980,27.4,54,8,39,2.5,40,50,0
19870,1731,753,978,27.4,54,8,39,2.5,40,50,0
19880,1731,753,977,27.4,54,8,39,2.5,40,50,0
19890,1735,753,982,27.4,54,8,39,2.5,40,50,0
19900,1744,753,990,27.4,54,8,39,2.5,40,50,0
19910,1754,753,1000,27.4,54,8,39,2.5,40,50,0
19920,1764,753,1010,27.4,54,8,39,2.5,40,50,0
19930,1775,753,1021,27.4,54,8,39,2.5,40,50,0
19940,1784,753,1030,27.4,54,8,39,2.5,40,50,0
19950,1794,753,1040,27.4,54,8,39,2.5,40,50,0
19960,1800,753,1046,27.4,54,8,39,2.5,40,50,0
19970,1798,753,1044,27.4,54,8,39,2.5,40,50,0
19980,1789,753,1035,27.4,54,8,39,2.5,40,50,0
19990,1779,753,1025,29,105,19,39,2.1,55,60,0
20000,1769,754,1015,29,105,19,39,2.1,55,60,0
20010,1760,754,1006,29,105,19,39,2.1,55,60,0
20020,1750,754,996,29,105,19,39,2.1,55,60,0
20030,1742,754,988,29,105,19,39,2.1,55,60,0
20040,1734,754,980,29,105,19,39,2.1,55,60,0
20050,1726,754,972,29,105,19,39,2.1,55,60,0
20060,1717,754,963,29,105,19,39,2.1,55,60,0
20070,1708,754,954,29,105,19,39,2.1,55,60,0
20080,1700,754,945,29,105,19,39,2.1,55,60,0
20090,1691,754,936,29,105,19,39,2.1,55,60,0
20100,1682,754,928,29,105,19,39,2.1,55,60,0
20110,1673,754,918,29,105,19,39,2.1,55,60,0
20120,1664,754,909,29,105,19,39,2.1,55,60,0
20130,1655,754,900,26.2,70,13,35,2.5,55,60,0
20140,1646,754,891,26.2,70,13,35,2.5,55,60,0
20150,1638,754,883,26.2,70,13,35,2.5,55,60,0
20160,1631,754,876,26.9,98,13,40,2,50,60,0
20170,1624,754,869,26.9,98,13,40,2,50,60,0
20180,1617,754,863,26.9,98,13,40,2,50,60,0
20190,1611,754,856,26.9,98,13,40,2,50,60,0
20200,1605,754,850,26.9,98,13,40,2,50,60,0
20210,1597,754,842,26.9,98,13,40,2,50,60,0
20220,1586,754,831,26.9,98,13,40,2,50,60,0
20230,1576,754,821,26.9,98,13,40,2,50,60,0
20240,1565,754,810,26.9,98,13,40,2,50,60,0
20250,1553,755,798,26.9,98,13,40,2,50,60,0
20260,1541,755,786,26.9,98,13,40,2,50,60,0
20270,1529,755,774,26.9,98,13,40,2,50,60,0
20280,1517,755,762,26.9,98,13,40,2,50,60,0
20290,1505,755,750,26.9,98,13,40,2,50,60,0
20300,1495,755,740,26.9,98,13,40,2,50,60,0
20310,1487,755,732,26.9,98,13,40,2,50,60,0
20320,1479,755,724,26.9,98,13,40,2,50,60,0
20330,1472,755,717,26.9,98,13,40,2,50,60,0
20340,1467,755,711,26.9,98,13,40,2,50,60,0
20350,1461,755,705,26.9,98,13,40,2,50,60,0
20360,1454,755,699,26.9,98,13,40,2,50,60,0
20370,1448,755,693,26.9,98,13,40,2,50,60,0
20380,1442,755,686,26.9,98,13,40,2,50,60,0
20390,1436,755,680,26.9,98,13,40,2,50,60,0
20400,1429,755,673,26.9,98,13,40,2,50,60,0
20410,1422,755,666,26.9,98,13,40,2,50,60,0
20420,1415,755,660,26.9,98,13,40,2,50,60,0
20430,1409,755,653,26.9,98,13,40,2,50,60,0
20440,1401,755,645,26.9,98,13,40,2,50,60,0
20450,1399,755,644,26.9,98,13,40,2,50,60,0
20460,1399,755,644,26.9,98,13,40,2,50,60,0
20470,1399,755,643,26.9,98,13,40,2,50,60,0
20480,1399,755,643,26.9,98,13,40,2,50,60,0
20490,1399,755,643,26.9,98,13,40,2,50,60,0
20500,1399,756,643,26.9,98,13,40,2,50,60,0
20510,1399,756,643,26.9,98,13,40,2,50,60,0
20520,1399,756,643,26.9,98,13,40,2,50,60,0
20530,1398,756,642,26.9,98,13,40,2,50,60,0
20540,1398,756,642,26.9,98,13,40,2,50,60,0
20550,1397,756,641,26.9,98,13,40,2,50,60,0
20560,1397,756,641,26.9,98,13,40,2,50,60,0
20570,1397,756,641,26.9,98,13,40,2,50,60,0
20580,1397,756,641,26.9,98,13,40,2,50,60,0
20590,1398,756,641,26.9,98,13,40,2,50,60,0
20600,1398,756,641,26.9,98,13,40,2,50,60,0
20610,1398,756,641,26.8,98,15,51,2,55,60,0
20620,1397,756,641,26.8,98,15,51,2,55,60,0
20630,1397,756,641,26.8,98,15,51,2,55,60,0
20640,1397,756,640,26.8,98,15,51,2,55,60,0
20650,1396,756,640,26.8,98,15,51,2,55,60,0
20660,1396,756,639,26.8,98,15,51,2,55,60,0
20670,1395,756,639,26.8,98,15,51,2,55,60,0
20680,1395,756,638,26.8,98,15,51,2,55,60,0
20690,1394,756,637,26.8,98,15,51,2,55,60,0
20700,1394,756,637,26.8,98,15,51,2,55,60,0
20710,1393,756,636,26.8,98,15,51,2,55,60,0
20720,1393,756,636,26.8,98,15,51,2,55,60,0
20730,1392,756,635,26.8,98,15,51,2,55,60,0
20740,1391,756,634,26.8,98,15,51,2,55,60,0
20750,1391,757,634,26.8,98,15,51,2,55,60,0
20760,1390,757,633,26.8,98,15,51,2,55,60,0
20770,1389,757,632,26.8,98,15,51,2,55,60,0
20780,1389,757,632,26.8,98,15,51,2,55,60,0
20790,1388,757,631,26.8,98,15,51,2,55,60,0
20800,1387,757,630,26.8,98,15,51,2,55,60,0
20810,1386,757,629,26.8,98,15,51,2,55,60,0
20820,1386,757,628,26.8,98,15,51,2,55,60,0
20830,1385,757,628,27.4,54,8,39,2.5,45,50,0
20840,1384,757,627,27.4,54,8,39,2.5,45,50,0
20850,1384,757,626,27.4,54,8,39,2.5,45,50,0
20860,1383,757,626,27.4,54,8,39,2.5,45,50,0
20870,1382,757,625,27.4,54,8,39,2.5,45,50,0
20880,1382,757,624,27.4,54,8,39,2.5,45,50,0
20890,1381,757,624,27.4,54,8,39,2.5,45,50,0
20900,1381,757,623,27.4,54,8,39,2.5,45,50,0
20910,1380,757,622,27.4,54,8,39,2.5,45,50,0
20920,1380,757,622,27.4,54,8,39,2.5,45,50,0
20930,1379,757,621,27.4,54,8,39,2.5,45,50,0
20940,1379,757,621,27.4,54,8,39,2.5,45,50,0
20950,1378,757,620,27.4,54,8,39,2.5,45,50,0
20960,1377,757,620,29,105,19,42,2.1,55,60,0
20970,1377,757,619,29,105,19,42,2.1,55,60,0
20980,1375,757,617,29,105,19,42,2.1,55,60,0
20990,1375,757,617,29,105,19,42,2.1,55,60,0
21000,1375,758,616,29,105,19,42,2.1,55,60,0
21010,1375,758,616,29,105,19,42,2.1,55,60,0
21020,1375,758,616,29,105,19,42,2.1,55,60,0
21030,1375,758,616,29,105,19,42,2.1,55,60,0
21040,1375,758,616,26.9,98,13,40,2,50,55,0
21050,1375,758,616,26.9,98,13,40,2,50,55,0
21060,1375,758,616,26.9,98,13,40,2,50,55,0
21070,1375,758,616,26.9,98,13,40,2,50,55,0
21080,1375,758,616,26.9,98,13,40,2,50,55,0
21090,1375,758,616,26.9,98,13,40,2,50,55,0
21100,1375,758,616,26.9,98,13,40,2,50,55,0
21110,1375,758,616,26.9,98,13,40,2,50,55,0
21120,1375,758,616,26.9,98,13,40,2,50,55,0
21130,1375,758,616,26.9,98,13,40,2,50,55,0
21140,1375,758,616,26.9,98,13,40,2,50,55,0
21150,1375,758,616,26.9,98,13,40,2,50,55,0
21160,1375,758,616,26.9,98,13,40,2,50,55,0
21170,1375,758,616,26.9,98,13,40,2,50,55,0
21180,1375,758,616,26.9,98,13,40,2,50,55,0
21190,1375,758,616,26.9,98,13,40,2,50,55,0
21200,1375,758,616,26.9,98,13,40,2,50,55,0
21210,1375,758,616,26.9,98,13,40,2,50,55,0
21220,1375,758,616,26.9,98,13,40,2,50,55,0
21230,1375,758,616,26.9,98,13,40,2,50,55,0
21240,1375,758,616,26.9,98,13,40,2,50,55,0
21250,1375,759,616,26.9,98,13,40,2,50,55,0
21260,1378,759,619,26.9,98,13,40,2,50,55,0
21270,1381,759,622,26.9,98,13,40,2,50,55,0
21280,1384,759,625,26.9,98,13,40,2,50,55,0
21290,1387,759,627,26.9,98,13,40,2,50,55,0
21300,1389,759,630,26.9,98,13,40,2,50,55,0
21310,1392,759,633,26.9,98,13,40,2,50,55,0
21320,1395,759,636,26.9,98,13,40,2,50,55,0
21330,1398,759,638,26.9,98,13,40,2,50,55,0
21340,1402,759,642,26.9,98,13,40,2,50,55,0
21350,1407,759,648,26.9,98,13,40,2,50,55,0
21360,1413,759,654,26.9,98,13,40,2,50,55,0
21370,1419,759,660,26.9,98,13,40,2,50,55,0
21380,1425,759,665,26.9,98,13,40,2,50,55,0
21390,1431,759,671,26.9,98,13,40,2,50,55,0
21400,1436,759,677,26.9,98,13,40,2,50,55,0
21410,1442,759,682,26.9,98,13,40,2,50,55,0
21420,1448,759,688,26.9,98,13,40,2,50,55,0
21430,1455,759,696,26.9,98,13,40,2,50,55,0
21440,1465,759,705,26.9,98,13,40,2,50,55,0
21450,1474,759,714,26.9,98,13,40,2,50,55,0
21460,1486,759,726,26.9,98,13,40,2,50,55,0
21470,1499,759,739,26.9,98,13,40,2,50,55,0
21480,1502,759,742,26.9,98,13,40,2,50,55,0
21490,1509,759,749,26.9,98,13,40,2,50,55,0
21500,1516,760,756,26.9,98,13,40,2,50,55,0
21510,1522,760,762,26.9,98,13,40,2,50,55,0
21520,1526,760,766,26.9,98,13,40,2,50,55,0
21530,1531,760,770,26.9,98,13,40,2,50,55,0
21540,1535,760,775,26.9,98,13,40,2,50,55,0
21550,1539,760,779,26.9,98,13,40,2,50,55,0
21560,1543,760,782,26.8,98,15,51,2,55,60,0
21570,1544,760,783,26.8,98,15,51,2,55,60,0
21580,1541,760,780,26.8,98,15,51,2,55,60,0
21590,1536,760,775,26.8,98,15,51,2,55,60,0
21600,1531,760,770,26.8,98,15,51,2,55,60,0
21610,1523,760,763,26.8,98,15,51,2,55,60,0
21620,1520,760,760,26.8,98,15,51,2,55,60,0
21630,1522,760,761,26.8,98,15,51,2,55,60,0
21640,1528,760,767,26.8,98,15,51,2,55,60,0
21650,1537,760,776,26.8,98,15,51,2,55,60,0
21660,1546,760,785,26.8,98,15,51,2,55,60,0
21670,1555,760,794,26.8,98,15,51,2,55,60,0
21680,1562,760,801,26.8,98,15,51,2,55,60,0
21690,1569,760,809,26.8,98,15,51,2,55,60,0
21700,1576,760,815,26.8,98,15,51,2,55,60,0
21710,1582,760,821,26.8,98,15,51,2,55,60,0
21720,1588,760,827,26.8,98,15,51,2,55,60,0
21730,1594,760,833,26.8,98,15,51,2,55,60,0
21740,1600,760,839,26.8,98,15,51,2,55,60,0
21750,1605,761,844,27.4,54,8,39,2.5,45,50,0
21760,1610,761,848,27.4,54,8,39,2.5,45,50,0
21770,1614,761,853,27.4,54,8,39,2.5,45,50,0
21780,1618,761,857,27.4,54,8,39,2.5,45,50,0
21790,1622,761,860,27.4,54,8,39,2.5,45,50,0
21800,1625,761,864,27.4,54,8,39,2.5,45,50,0
21810,1629,761,867,27.4,54,8,39,2.5,45,50,0
21820,1632,761,871,27.4,54,8,39,2.5,45,50,0
21830,1634,761,872,27.4,54,8,39,2.5,45,50,0
21840,1635,761,874,27.4,54,8,39,2.5,45,50,0
21850,1637,761,875,27.4,54,8,39,2.5,45,50,0
21860,1638,761,877,27.4,54,8,39,2.5,45,50,0
21870,1639,761,878,27.4,54,8,39,2.5,45,50,0
21880,1640,761,879,29,105,19,42,2.1,55,60,0
21890,1642,761,880,29,105,19,42,2.1,55,60,0
21900,1643,761,882,29,105,19,42,2.1,55,60,0
21910,1645,761,883,29,105,19,42,2.1,55,60,0
21920,1646,761,885,29,105,19,42,2.1,55,60,0
21930,1647,761,885,29,105,19,42,2.1,55,60,0
21940,1645,761,883,29,105,19,42,2.1,55,60,0
21950,1639,761,877,29,105,19,42,2.1,55,60,0
21960,1631,761,870,29,105,19,42,2.1,55,60,0
21970,1622,761,860,27,60,14,40,-1,55,60,0
21980,1613,761,851,27,60,14,40,-1,55,60,0
21990,1603,761,841,27,60,14,40,-1,55,60,0
22000,1594,762,832,27,60,14,40,-1,55,60,0
22010,1585,762,823,27,60,14,40,-1,55,60,0
22020,1578,762,815,27,60,14,40,-1,55,60,0
22030,1571,762,808,27,60,14,40,-1,55,60,0
22040,1565,762,803,27,60,14,40,-1,55,60,0
22050,1562,762,800,27,60,14,40,-1,55,60,0
22060,1562,762,800,27,60,14,40,-1,55,60,0
22070,1564,762,802,27,60,14,40,-1,55,60,0
22080,1566,762,804,27,60,14,40,-1,55,60,0
22090,1566,762,803,27,60,14,40,-1,55,60,0
22100,1565,762,803,27,60,14,40,-1,55,60,0
22110,1564,762,802,27,60,14,40,-1,55,60,0
22120,1564,762,801,27,60,14,40,-1,55,60,0
22130,1563,762,800,27,60,14,40,-1,55,60,0
22140,1563,762,800,27,60,14,40,-1,55,60,0
22150,1563,762,800,27,60,14,40,-1,55,60,0
22160,1563,762,800,27,60,14,40,-1,55,60,0
22170,1564,762,802,27,60,14,40,-1,55,60,0
22180,1564,762,801,27,60,14,40,-1,55,60,0
22190,1563,762,801,27,60,14,40,-1,55,60,0
22200,1560,762,797,27,60,14,40,-1,55,60,0
22210,1555,762,792,27,60,14,40,-1,55,60,0
22220,1550,762,787,27,60,14,40,-1,55,60,0
22230,1543,762,780,27,60,14,40,-1,55,60,0
22240,1537,762,774,27,60,14,40,-1,55,60,0
22250,1531,763,768,27,60,14,40,-1,55,60,0
22260,1525,763,762,27,60,14,40,-1,55,60,0
22270,1521,763,758,27,60,14,40,-1,55,60,0
22280,1517,763,754,27,60,14,40,-1,55,60,0
22290,1515,763,752,27,60,14,40,-1,55,60,0
22300,1512,763,749,27,60,14,40,-1,55,60,0
22310,1511,763,747,27,60,14,40,-1,55,60,0
22320,1509,763,746,27,60,14,40,-1,55,60,0
22330,1509,763,746,27,60,14,40,-1,55,60,0
22340,1510,763,746,27,60,14,40,-1,55,60,0
22350,1511,763,747,27,60,14,40,-1,55,60,0
22360,1511,763,748,27,60,14,40,-1,55,60,0
22370,1512,763,749,27,60,14,40,-1,55,60,0
22380,1513,763,750,27,60,14,40,-1,55,60,0
22390,1515,763,751,27.4,90,11,39,3.1,45,50,0
22400,1517,763,753,27.4,90,11,39,3.1,45,50,0
22410,1519,763,755,27.4,90,11,39,3.1,45,50,0
22420,1522,763,758,27.4,90,11,39,3.1,45,50,0
22430,1524,763,761,27.4,90,11,39,3.1,45,50,0
22440,1525,763,761,27.4,90,11,39,3.1,45,50,0
22450,1525,763,761,27.4,90,11,39,3.1,45,50,0
22460,1525,763,761,27.4,90,11,39,3.1,45,50,0
22470,1524,763,761,27.4,90,11,39,3.1,45,50,0
22480,1524,763,760,27.4,90,11,39,3.1,45,50,0
22490,1523,763,759,27.4,90,11,39,3.1,45,50,0
22500,1523,764,759,27.4,90,11,39,3.1,45,50,0
22510,1522,764,758,27.4,90,11,39,3.1,45,50,0
22520,1522,764,758,27.4,90,11,39,3.1,45,50,0
22530,1521,764,757,27.4,90,11,39,3.1,45,50,0
22540,1520,764,756,27.4,90,11,39,3.1,45,50,0
22550,1520,764,756,27.4,90,11,39,3.1,45,50,0
22560,1520,764,756,27.4,90,11,39,3.1,45,50,0
22570,1520,764,756,27.4,90,11,39,3.1,45,50,0
22580,1521,764,757,27.4,90,11,39,3.1,45,50,0
22590,1522,764,758,27.4,90,11,39,3.1,45,50,0
22600,1523,764,759,27.4,90,11,39,3.1,45,50,0
22610,1528,764,763,27.4,90,11,39,3.1,45,50,0
22620,1533,764,768,27.4,90,11,39,3.1,45,50,0
22630,1538,764,774,27.4,90,11,39,3.1,45,50,0
22640,1543,764,779,27.4,90,11,39,3.1,45,50,0
22650,1548,764,783,26.1,74,21,45,4.9,55,65,0
22660,1554,764,789,26.1,74,21,45,4.9,55,65,0
22670,1561,764,796,26.1,74,21,45,4.9,55,65,0
22680,1570,764,805,26.1,74,21,45,4.9,55,65,0
22690,1584,764,819,26.1,74,21,45,4.9,55,65,0
22700,1600,764,836,26.1,74,21,45,4.9,55,65,0
22710,1610,764,845,26.1,74,21,45,4.9,55,65,0
22720,1615,764,850,26.1,74,21,45,4.9,55,65,0
22730,1617,764,852,26.1,74,21,45,4.9,55,65,0
22740,1617,764,852,26.1,74,21,45,4.9,55,65,0
22750,1618,765,853,26.1,74,21,45,4.9,55,65,0
22760,1620,765,855,26.1,74,21,45,4.9,55,65,0
22770,1626,765,861,26.1,74,21,45,4.9,55,65,0
22780,1634,765,868,26.1,74,21,45,4.9,55,65,0
22790,1641,765,876,26.1,74,21,45,4.9,55,65,0
22800,1648,765,883,26.1,74,21,45,4.9,55,65,0
22810,1653,765,887,26.1,74,21,45,4.9,55,65,0
22820,1655,765,890,26.1,74,21,45,4.9,55,65,0
22830,1658,765,892,26.1,74,21,45,4.9,55,65,0
22840,1659,765,893,26.1,74,21,45,4.9,55,65,0
22850,1659,765,894,28.2,97,13,48,3.2,60,65,0
22860,1659,765,894,28.2,97,13,48,3.2,60,65,0
22870,1659,765,894,28.2,97,13,48,3.2,60,65,0
22880,1659,765,894,28.2,97,13,48,3.2,60,65,0
22890,1663,765,898,28.2,97,13,48,3.2,60,65,0
22900,1670,765,904,28.2,97,13,48,3.2,60,65,0
22910,1677,765,911,28.2,97,13,48,3.2,60,65,0
22920,1684,765,918,25,15,7,5,-1,25,30,0
22930,1692,765,926,25,15,7,5,-1,25,30,0
22940,1699,765,934,25,15,7,5,-1,25,30,0
22950,1708,765,942,25,15,7,5,-1,25,30,0
22960,1716,765,950,25,15,7,5,-1,25,30,0
22970,1725,765,959,25,15,7,5,-1,25,30,0
22980,1732,765,966,25,15,7,5,-1,25,30,0
22990,1740,765,974,25,15,7,5,-1,25,30,0
23000,1747,766,981,27,71,8,43,3,35,45,0
23010,1756,766,990,27,71,8,43,3,35,45,0
23020,1764,766,998,27,71,8,43,3,35,45,0
23030,1773,766,1007,27,71,8,43,3,35,45,0
23040,1776,766,1010,27,71,8,43,3,35,45,0
23050,1779,766,1012,27,71,8,43,3,35,45,0
23060,1777,766,1011,27,71,8,43,3,35,45,0
23070,1774,766,1007,27,71,8,43,3,35,45,0
23080,1771,766,1004,27,71,8,43,3,35,45,0
23090,1770,766,1004,27,71,8,43,3,35,45,0
23100,1773,766,1006,27,71,8,43,3,35,45,0
23110,1774,766,1008,27,71,8,43,3,35,45,0
23120,1771,766,1004,27,71,8,43,3,35,45,0
23130,1767,766,1000,26.6,89,12,46,1.1,55,55,0
23140,1769,766,1003,26.6,89,12,46,1.1,55,55,0
23150,1775,766,1008,26.6,89,12,46,1.1,55,55,0
23160,1775,766,1008,26.6,89,12,46,1.1,55,55,0
23170,1773,766,1007,26.6,89,12,46,1.1,55,55,0
23180,1764,766,998,26.6,89,12,46,1.1,55,55,0
23190,1755,766,988,26.6,89,12,46,1.1,55,55,0
23200,1745,766,978,26.6,89,12,46,1.1,55,55,0
23210,1734,766,967,26.6,89,12,46,1.1,55,55,0
23220,1723,766,956,26.8,117,17,38,4,55,65,0
23230,1713,766,946,26.8,117,17,38,4,55,65,0
23240,1705,766,938,26.8,117,17,38,4,55,65,0
23250,1705,767,938,26.8,117,17,38,4,55,65,0
23260,1708,767,941,26.8,117,17,38,4,55,65,0
23270,1712,767,945,26.8,117,17,38,4,55,65,0
23280,1717,767,949,28.1,40,13,52,3.4,60,50,0
23290,1720,767,953,25,15,7,5,-1,25,30,0
23300,1721,767,954,26.3,115,23,46,4.6,70,70,0
23310,1718,767,951,26.3,115,23,46,4.6,70,70,0
23320,1716,767,949,26.3,115,23,46,4.6,70,70,0
23330,1717,767,949,26.3,115,23,46,4.6,70,70,0
23340,1719,767,952,26.3,115,23,46,4.6,70,70,0
23350,1722,767,955,26.3,115,23,46,4.6,70,70,0
23360,1726,767,958,26.3,115,23,46,4.6,70,70,0
23370,1731,767,963,26.3,115,23,46,4.6,70,70,0
23380,1734,767,966,26.3,115,23,46,4.6,70,70,0
23390,1738,767,971,26.3,115,23,46,4.6,70,70,0
23400,1743,767,975,26.3,115,23,46,4.6,70,70,0
23410,1747,767,980,26.3,115,23,46,4.6,70,70,0
23420,1752,767,985,26.3,115,23,46,4.6,70,70,0
23430,1758,767,990,26.3,115,23,46,4.6,70,70,0
23440,1764,767,997,26.3,115,23,46,4.6,70,70,0
23450,1771,767,1003,26.3,115,23,46,4.6,70,70,0
23460,1778,767,1010,26.3,115,23,46,4.6,70,70,0
23470,1784,767,1016,26.3,115,23,46,4.6,70,70,0
23480,1790,767,1022,26.3,115,23,46,4.6,70,70,0
23490,1797,767,1029,26.3,115,23,46,4.6,70,70,0
23500,1803,768,1035,26.3,115,23,46,4.6,70,70,0
23510,1809,768,1041,26.3,115,23,46,4.6,70,70,0
23520,1815,768,1047,26.3,115,23,46,4.6,70,70,0
23530,1821,768,1053,26.3,115,23,46,4.6,70,70,0
23540,1828,768,1059,26.3,115,23,46,4.6,70,70,0
23550,1834,768,1066,26.3,115,23,46,4.6,70,70,0
23560,1840,768,1072,26.3,115,23,46,4.6,70,70,0
23570,1846,768,1078,26.3,115,23,46,4.6,70,70,0
23580,1852,768,1084,26.3,115,23,46,4.6,70,70,0
23590,1857,768,1088,26.3,115,23,46,4.6,70,70,0
23600,1862,768,1093,26.3,115,23,46,4.6,70,70,0
23610,1866,768,1098,26.3,115,23,46,4.6,70,70,0
23620,1870,768,1102,26.3,115,23,46,4.6,70,70,0
23630,1874,768,1105,26.3,115,23,46,4.6,70,70,0
23640,1879,768,1110,26.3,115,23,46,4.6,70,70,0
23650,1884,768,1115,26.3,115,23,46,4.6,70,70,0
23660,1890,768,1121,26.3,115,23,46,4.6,70,70,0
23670,1894,768,1125,26.3,115,23,46,4.6,70,70,0
23680,1898,768,1129,26.3,115,23,46,4.6,70,70,0
23690,1901,768,1133,26.3,115,23,46,4.6,70,70,0
23700,1905,768,1136,26.3,115,23,46,4.6,70,70,0
23710,1908,768,1139,26.3,115,23,46,4.6,70,70,0
23720,1909,768,1141,26.3,115,23,46,4.6,70,70,0
23730,1911,768,1142,26.3,115,23,46,4.6,70,70,0
23740,1913,768,1144,26.3,115,23,46,4.6,70,70,0
23750,1914,769,1145,26.3,115,23,46,4.6,70,70,0
23760,1914,769,1145,26.3,115,23,46,4.6,70,70,0
23770,1915,769,1146,26.3,115,23,46,4.6,70,70,0
23780,1916,769,1147,26.3,115,23,46,4.6,70,70,0
23790,1918,769,1149,26.3,115,23,46,4.6,70,70,0
23800,1918,769,1149,26.3,115,23,46,4.6,70,70,0
23810,1917,769,1148,26.3,115,23,46,4.6,70,70,0
23820,1917,769,1147,26.3,115,23,46,4.6,70,70,0
23830,1916,769,1147,26.3,115,23,46,4.6,70,70,0
23840,1920,769,1151,26.3,115,23,46,4.6,70,70,0
23850,1923,769,1154,26.3,115,23,46,4.6,70,70,0
23860,1928,769,1159,26.3,115,23,46,4.6,70,70,0
23870,1936,769,1166,26.3,115,23,46,4.6,70,70,0
23880,1943,769,1174,26.3,115,23,46,4.6,70,70,0
23890,1951,769,1181,26.3,115,23,46,4.6,70,70,0
23900,1959,769,1189,26.3,115,23,46,4.6,70,70,0
23910,1966,769,1197,26.3,115,23,46,4.6,70,70,0
23920,1974,769,1204,26.3,115,23,46,4.6,70,70,0
23930,1981,769,1211,26.3,115,23,46,4.6,70,70,0
23940,1988,769,1218,26.3,115,23,46,4.6,70,70,0
23950,1995,769,1225,26.3,115,23,46,4.6,70,70,0
23960,2001,769,1231,26.3,115,23,46,4.6,70,70,0
23970,2007,769,1237,26.3,115,23,46,4.6,70,70,0
23980,2012,769,1242,26.3,115,23,46,4.6,70,70,0
23990,2016,769,1246,26.3,115,23,46,4.6,70,70,0
24000,2019,770,1249,26.3,115,23,46,4.6,70,70,0
24010,2022,770,1252,26.3,115,23,46,4.6,70,70,0
24020,2027,770,1257,26.3,115,23,46,4.6,70,70,0
24030,2033,770,1263,26.3,115,23,46,4.6,70,70,0
24040,2040,770,1270,26.3,115,23,46,4.6,70,70,0
24050,2047,770,1277,26.3,115,23,46,4.6,70,70,0
24060,2055,770,1284,26.3,115,23,46,4.6,70,70,0
24070,2062,770,1292,26.3,115,23,46,4.6,70,70,0
24080,2069,770,1299,26.3,115,23,46,4.6,70,70,0
24090,2077,770,1306,26.3,115,23,46,4.6,70,70,0
24100,2084,770,1313,26.3,115,23,46,4.6,70,70,0
24110,2091,770,1320,26.3,115,23,46,4.6,70,70,0
24120,2098,770,1327,26.3,115,23,46,4.6,70,70,0
24130,2104,770,1334,26.3,115,23,46,4.6,70,70,0
24140,2111,770,1340,26.3,115,23,46,4.6,70,70,0
24150,2117,770,1347,26.3,115,23,46,4.6,70,70,0
24160,2124,770,1353,26.3,115,23,46,4.6,70,70,0
24170,2130,770,1359,26.3,115,23,46,4.6,70,70,0
24180,2136,770,1365,26.3,115,23,46,4.6,70,70,0
24190,2142,770,1371,26.3,115,23,46,4.6,70,70,0
24200,2148,770,1377,26.3,115,23,46,4.6,70,70,0
24210,2154,770,1384,26.3,115,23,46,4.6,70,70,0
24220,2161,770,1390,26.3,115,23,46,4.6,70,70,0
24230,2167,770,1396,27.7,47,10,42,-1,45,60,0
24240,2172,770,1401,27.7,47,10,42,-1,45,60,0
24250,2177,771,1406,27.7,47,10,42,-1,45,60,0
24260,2183,771,1412,27.7,47,10,42,-1,45,60,0
24270,2189,771,1417,27.7,47,10,42,-1,45,60,0
24280,2195,771,1423,27.7,47,10,42,-1,45,60,0
24290,2201,771,1429,27.7,47,10,42,-1,45,60,0
24300,2207,771,1436,27.7,47,10,42,-1,45,60,0
24310,2214,771,1442,27.7,47,10,42,-1,45,60,0
24320,2220,771,1449,27.7,47,10,42,-1,45,60,0
24330,2227,771,1456,27.7,47,10,42,-1,45,60,0
24340,2235,771,1463,29.2,184,33,39,4.3,60,75,0
24350,2242,771,1471,29.2,184,33,39,4.3,60,75,0
24360,2249,771,1478,29.2,184,33,39,4.3,60,75,0
24370,2256,771,1484,29.2,184,33,39,4.3,60,75,0
24380,2262,771,1490,29.2,184,33,39,4.3,60,75,0
24390,2266,771,1495,25.2,218,30,50,5.1,70,75,0
24400,2269,771,1498,25.2,218,30,50,5.1,70,75,0
24410,2273,771,1501,25.2,218,30,50,5.1,70,75,0
24420,2278,771,1507,25.2,218,30,50,5.1,70,75,0
24430,2284,771,1513,25.2,218,30,50,5.1,70,75,0
24440,2292,771,1521,25.2,218,30,50,5.1,70,75,0
24450,2300,771,1528,25.2,218,30,50,5.1,70,75,0
24460,2307,771,1535,25.2,218,30,50,5.1,70,75,0
24470,2315,771,1543,25.2,218,30,50,5.1,70,75,0
24480,2322,771,1550,25.2,218,30,50,5.1,70,75,0
24490,2328,771,1556,25.2,218,30,50,5.1,70,75,0
24500,2333,772,1561,25.2,218,30,50,5.1,70,75,0
24510,2337,772,1565,25.2,218,30,50,5.1,70,75,0
24520,2342,772,1570,25.2,218,30,50,5.1,70,75,0
24530,2348,772,1576,25.2,218,30,50,5.1,70,75,0
24540,2354,772,1582,25.2,218,30,50,5.1,70,75,0
24550,2359,772,1587,25.2,218,30,50,5.1,70,75,0
24560,2364,772,1591,25.2,218,30,50,5.1,70,75,0
24570,2367,772,1595,25.2,218,30,50,5.1,70,75,0
24580,2371,772,1599,25.2,218,30,50,5.1,70,75,0
24590,2375,772,1603,25.2,218,30,50,5.1,70,75,0
24600,2379,772,1607,25.2,218,30,50,5.1,70,75,0
24610,2383,772,1610,25.2,218,30,50,5.1,70,75,0
24620,2386,772,1614,25.2,218,30,50,5.1,70,75,0
24630,2390,772,1617,25.2,218,30,50,5.1,70,75,0
24640,2393,772,1621,25.2,218,30,50,5.1,70,75,0
24650,2396,772,1624,25.2,218,30,50,5.1,70,75,0
24660,2399,772,1626,25.2,218,30,50,5.1,70,75,0
24670,2401,772,1629,25.2,218,30,50,5.1,70,75,0
24680,2404,772,1631,25.2,218,30,50,5.1,70,75,0
24690,2407,772,1634,25.2,218,30,50,5.1,70,75,0
24700,2409,772,1637,25.2,218,30,50,5.1,70,75,0
24710,2413,772,1640,25.2,218,30,50,5.1,70,75,0
24720,2415,772,1643,25.2,218,30,50,5.1,70,75,0
24730,2417,772,1644,25.2,218,30,50,5.1,70,75,0
24740,2417,772,1644,25.2,218,30,50,5.1,70,75,0
24750,2414,773,1641,25.2,218,30,50,5.1,70,75,0
24760,2408,773,1635,25.2,218,30,50,5.1,70,75,0
24770,2403,773,1630,25.2,218,30,50,5.1,70,75,0
24780,2400,773,1627,25.2,218,30,50,5.1,70,75,0
24790,2399,773,1626,25.2,218,30,50,5.1,70,75,0
24800,2399,773,1626,25.2,218,30,50,5.1,70,75,0
24810,2399,773,1626,25.2,218,30,50,5.1,70,75,0
24820,2402,773,1629,25.2,218,30,50,5.1,70,75,0
24830,2407,773,1634,25.2,218,30,50,5.1,70,75,0
24840,2413,773,1640,25.2,218,30,50,5.1,70,75,0
24850,2419,773,1646,25.2,218,30,50,5.1,70,75,0
24860,2426,773,1653,25.2,218,30,50,5.1,70,75,0
24870,2436,773,1663,25.2,218,30,50,5.1,70,75,0
24880,2446,773,1672,25.2,218,30,50,5.1,70,75,0
24890,2451,773,1677,25.2,218,30,50,5.1,70,75,0
24900,2457,773,1683,25.2,218,30,50,5.1,70,75,0
24910,2464,773,1690,25.2,218,30,50,5.1,70,75,0
24920,2470,773,1696,25.2,218,30,50,5.1,70,75,0
24930,2476,773,1702,25.2,218,30,50,5.1,70,75,0
24940,2481,773,1707,25.2,218,30,50,5.1,70,75,0
24950,2486,773,1712,25.2,218,30,50,5.1,70,75,0
24960,2493,773,1719,25.2,218,30,50,5.1,70,75,0
24970,2493,773,1719,25.2,218,30,50,5.1,70,75,0
24980,2482,773,1708,25.2,218,30,50,5.1,70,75,0
24990,2454,773,1680,25.2,218,30,50,5.1,70,75,0
25000,2424,774,1650,25.2,218,30,50,5.1,70,75,0
25010,2417,774,1643,25.2,218,30,50,5.1,70,75,0
25020,2410,774,1636,25.2,218,30,50,5.1,70,75,0
25030,2402,774,1628,25.2,218,30,50,5.1,70,75,0
25040,2395,774,1621,25.2,218,30,50,5.1,70,75,0
25050,2389,774,1615,25.2,218,30,50,5.1,70,75,0
25060,2383,774,1608,25.2,218,30,50,5.1,70,75,0
25070,2377,774,1602,25.2,218,30,50,5.1,70,75,0
25080,2372,774,1598,25.2,218,30,50,5.1,70,75,0
25090,2369,774,1595,25.2,218,30,50,5.1,70,75,0
25100,2366,774,1592,25.2,218,30,50,5.1,70,75,0
25110,2363,774,1589,25.2,218,30,50,5.1,70,75,0
25120,2360,774,1586,25.2,218,30,50,5.1,70,75,0
25130,2358,774,1583,25.2,218,30,50,5.1,70,75,0
25140,2356,774,1581,25.2,218,30,50,5.1,70,75,0
25150,2354,774,1580,25.2,218,30,50,5.1,70,75,0
25160,2354,774,1579,25.2,218,30,50,5.1,70,75,0
25170,2354,774,1579,25.2,218,30,50,5.1,70,75,0
25180,2354,774,1579,25.2,218,30,50,5.1,70,75,0
25190,2354,774,1579,25.2,218,30,50,5.1,70,75,0
25200,2353,774,1578,25.2,218,30,50,5.1,70,75,0
25210,2352,774,1577,25.2,218,30,50,5.1,70,75,0
25220,2351,774,1576,25.2,218,30,50,5.1,70,75,0
25230,2349,774,1574,25.2,218,30,50,5.1,70,75,0
25240,2348,774,1573,25.2,218,30,50,5.1,70,75,0
25250,2345,775,1570,25.2,218,30,50,5.1,70,75,0
25260,2342,775,1567,25.2,218,30,50,5.1,70,75,0
25270,2338,775,1563,25.2,218,30,50,5.1,70,75,0
25280,2334,775,1558,25.2,218,30,50,5.1,70,75,0
25290,2329,775,1554,25.2,218,30,50,5.1,70,75,0
25300,2325,775,1550,25.2,218,30,50,5.1,70,75,0
25310,2324,775,1549,25.2,218,30,50,5.1,70,75,0
25320,2323,775,1547,25.2,218,30,50,5.1,70,75,0
25330,2322,775,1546,25.2,218,30,50,5.1,70,75,0
25340,2321,775,1545,25.2,218,30,50,5.1,70,75,0
25350,2320,775,1544,25.2,218,30,50,5.1,70,75,0
25360,2319,775,1543,25.2,218,30,50,5.1,70,75,0
25370,2317,775,1542,25.2,218,30,50,5.1,70,75,0
25380,2316,775,1540,25.2,218,30,50,5.1,70,75,0
25390,2314,775,1539,25.2,218,30,50,5.1,70,75,0
25400,2312,775,1537,25.2,218,30,50,5.1,70,75,0
25410,2310,775,1535,25.2,218,30,50,5.1,70,75,0
25420,2308,775,1532,25.2,218,30,50,5.1,70,75,0
25430,2305,775,1530,25.2,218,30,50,5.1,70,75,0
25440,2303,775,1527,25.2,218,30,50,5.1,70,75,0
25450,2300,775,1524,25.2,218,30,50,5.1,70,75,0
25460,2299,775,1523,25.2,218,30,50,5.1,70,75,0
25470,2298,775,1523,25.2,218,30,50,5.1,70,75,0
25480,2298,775,1522,25.2,218,30,50,5.1,70,75,0
25490,2298,775,1522,25.2,218,30,50,5.1,70,75,0
25500,2297,776,1521,25.2,218,30,50,5.1,70,75,0
25510,2297,776,1521,25.2,218,30,50,5.1,70,75,0
25520,2297,776,1521,25.2,218,30,50,5.1,70,75,0
25530,2296,776,1520,25.2,218,30,50,5.1,70,75,0
25540,2296,776,1519,25.2,218,30,50,5.1,70,75,0
25550,2295,776,1519,25.2,218,30,50,5.1,70,75,0
25560,2297,776,1521,25.2,218,30,50,5.1,70,75,0
25570,2300,776,1523,25.2,218,30,50,5.1,70,75,0
25580,2305,776,1529,25.2,218,30,50,5.1,70,75,0
25590,2309,776,1532,25.2,218,30,50,5.1,70,75,0
25600,2313,776,1536,25.2,218,30,50,5.1,70,75,0
25610,2315,776,1538,25.2,218,30,50,5.1,70,75,0
25620,2318,776,1541,25.2,218,30,50,5.1,70,75,0
25630,2321,776,1544,25.2,218,30,50,5.1,70,75,0
25640,2324,776,1547,25.2,218,30,50,5.1,70,75,0
25650,2326,776,1550,25.2,218,30,50,5.1,70,75,0
25660,2327,776,1550,25.2,218,30,50,5.1,70,75,0
25670,2327,776,1551,25.2,218,30,50,5.1,70,75,0
25680,2328,776,1551,25.2,218,30,50,5.1,70,75,0
25690,2329,776,1552,25.2,218,30,50,5.1,70,75,0
25700,2331,776,1554,25.2,218,30,50,5.1,70,75,0
25710,2333,776,1556,25.2,218,30,50,5.1,70,75,0
25720,2336,776,1559,25.2,218,30,50,5.1,70,75,0
25730,2338,776,1561,25.2,218,30,50,5.1,70,75,0
25740,2340,776,1563,25.2,218,30,50,5.1,70,75,0
25750,2342,777,1565,25.2,218,30,50,5.1,70,75,0
25760,2343,777,1566,25.2,218,30,50,5.1,70,75,0
25770,2345,777,1568,25.2,218,30,50,5.1,70,75,0
25780,2347,777,1570,25.2,218,30,50,5.1,70,75,0
25790,2348,777,1571,25.2,218,30,50,5.1,70,75,0
25800,2350,777,1572,25.2,218,30,50,5.1,70,75,0
25810,2350,777,1573,25.2,218,30,50,5.1,70,75,0
25820,2351,777,1573,25.2,218,30,50,5.1,70,75,0
25830,2352,777,1575,25.2,218,30,50,5.1,70,75,0
25840,2355,777,1578,25.2,218,30,50,5.1,70,75,0
25850,2359,777,1581,25.2,218,30,50,5.1,70,75,0
25860,2360,777,1583,25.2,218,30,50,5.1,70,75,0
25870,2362,777,1584,25.2,218,30,50,5.1,70,75,0
25880,2363,777,1585,25.2,218,30,50,5.1,70,75,0
25890,2364,777,1587,25.2,218,30,50,5.1,70,75,0
25900,2366,777,1589,25.2,218,30,50,5.1,70,75,0
25910,2368,777,1591,25.2,218,30,50,5.1,70,75,0
25920,2370,777,1593,25.2,218,30,50,5.1,70,75,0
25930,2373,777,1596,25.2,218,30,50,5.1,70,75,0
25940,2376,777,1598,25.2,218,30,50,5.1,70,75,0
25950,2379,777,1601,25.2,218,30,50,5.1,70,75,0
25960,2382,777,1604,25.2,218,30,50,5.1,70,75,0
25970,2385,777,1608,25.2,218,30,50,5.1,70,75,0
25980,2389,777,1611,25.2,218,30,50,5.1,70,75,0
25990,2392,777,1614,25.2,218,30,50,5.1,70,75,0
26000,2395,778,1617,25.2,218,30,50,5.1,70,75,0
26010,2397,778,1619,25.2,218,30,50,5.1,70,75,0
26020,2399,778,1621,25.2,218,30,50,5.1,70,75,0
26030,2400,778,1622,25.2,218,30,50,5.1,70,75,0
26040,2403,778,1625,25.2,218,30,50,5.1,70,75,0
26050,2406,778,1628,25.2,218,30,50,5.1,70,75,0
26060,2409,778,1631,25.2,218,30,50,5.1,70,75,0
26070,2413,778,1634,25.2,218,30,50,5.1,70,75,0
26080,2416,778,1638,25.2,218,30,50,5.1,70,75,0
26090,2419,778,1641,25.2,218,30,50,5.1,70,75,0
26100,2419,778,1641,25.2,218,30,50,5.1,70,75,0
26110,2419,778,1640,25.2,218,30,50,5.1,70,75,0
26120,2417,778,1639,25.2,218,30,50,5.1,70,75,0
26130,2415,778,1637,25.2,218,30,50,5.1,70,75,0
26140,2413,778,1635,25.2,218,30,50,5.1,70,75,0
26150,2412,778,1633,25.2,218,30,50,5.1,70,75,0
26160,2411,778,1633,25.2,218,30,50,5.1,70,75,0
26170,2412,778,1633,25.2,218,30,50,5.1,70,75,0
26180,2412,778,1634,25.2,218,30,50,5.1,70,75,0
26190,2413,778,1634,25.2,218,30,50,5.1,70,75,0
26200,2414,778,1635,25.2,218,30,50,5.1,70,75,0
26210,2414,778,1635,25.2,218,30,50,5.1,70,75,0
26220,2414,778,1635,25.2,218,30,50,5.1,70,75,0
26230,2415,778,1636,25.2,218,30,50,5.1,70,75,0
26240,2415,778,1636,25.2,218,30,50,5.1,70,75,0
26250,2415,779,1636,25.2,218,30,50,5.1,70,75,0
26260,2414,779,1635,25.2,218,30,50,5.1,70,75,0
26270,2413,779,1634,25.2,218,30,50,5.1,70,75,0
26280,2411,779,1632,25.2,218,30,50,5.1,70,75,0
26290,2409,779,1630,25.2,218,30,50,5.1,70,75,0
26300,2408,779,1629,25.2,218,30,50,5.1,70,75,0
26310,2406,779,1627,25.2,218,30,50,5.1,70,75,0
26320,2404,779,1625,25.2,218,30,50,5.1,70,75,0
26330,2402,779,1623,25.2,218,30,50,5.1,70,75,0
26340,2400,779,1621,25.2,218,30,50,5.1,70,75,0
26350,2399,779,1619,25.2,218,30,50,5.1,70,75,0
26360,2398,779,1619,25.2,218,30,50,5.1,70,75,0
26370,2398,779,1618,25.2,218,30,50,5.1,70,75,0
26380,2398,779,1618,25.2,218,30,50,5.1,70,75,0
26390,2397,779,1618,25.2,218,30,50,5.1,70,75,0
26400,2397,779,1617,25.2,218,30,50,5.1,70,75,0
26410,2394,779,1615,25.2,218,30,50,5.1,70,75,0
26420,2392,779,1613,25.2,218,30,50,5.1,70,75,0
26430,2390,779,1610,25.2,218,30,50,5.1,70,75,0
26440,2387,779,1607,25.2,218,30,50,5.1,70,75,0
26450,2384,779,1604,25.2,218,30,50,5.1,70,75,0
26460,2380,779,1600,25.2,218,30,50,5.1,70,75,0
26470,2377,779,1597,25.2,218,30,50,5.1,70,75,0
26480,2372,779,1592,25.2,218,30,50,5.1,70,75,0
26490,2366,779,1586,25.2,218,30,50,5.1,70,75,0
26500,2360,780,1580,25.2,218,30,50,5.1,70,75,0
26510,2353,780,1573,25.2,218,30,50,5.1,70,75,0
26520,2347,780,1567,25.2,218,30,50,5.1,70,75,0
26530,2342,780,1562,25.2,218,30,50,5.1,70,75,0
26540,2336,780,1556,25.2,218,30,50,5.1,70,75,0
26550,2331,780,1551,25.2,218,30,50,5.1,70,75,0
26560,2325,780,1545,25.2,218,30,50,5.1,70,75,0
26570,2319,780,1539,25.2,218,30,50,5.1,70,75,0
26580,2313,780,1533,25.2,218,30,50,5.1,70,75,0
26590,2307,780,1527,25.2,218,30,50,5.1,70,75,0
26600,2301,780,1520,25.2,218,30,50,5.1,70,75,0
26610,2293,780,1513,25.2,218,30,50,5.1,70,75,0
26620,2286,780,1506,25.2,218,30,50,5.1,70,75,0
26630,2279,780,1498,25.2,218,30,50,5.1,70,75,0
26640,2271,780,1491,25.2,218,30,50,5.1,70,75,0
26650,2263,780,1483,25.2,218,30,50,5.1,70,75,0
26660,2256,780,1475,25.2,218,30,50,5.1,70,75,0
26670,2248,780,1468,25.2,218,30,50,5.1,70,75,0
26680,2241,780,1461,25.2,218,30,50,5.1,70,75,0
26690,2234,780,1454,25.2,218,30,50,5.1,70,75,0
26700,2227,780,1447,25.2,218,30,50,5.1,70,75,0
26710,2221,780,1440,25.2,218,30,50,5.1,70,75,0
26720,2214,780,1434,25.2,218,30,50,5.1,70,75,0
26730,2208,780,1427,25.2,218,30,50,5.1,70,75,0
26740,2202,780,1421,25.2,218,30,50,5.1,70,75,0
26750,2198,781,1417,25.2,218,30,50,5.1,70,75,0
26760,2194,781,1413,25.2,218,30,50,5.1,70,75,0
26770,2192,781,1411,25.2,218,30,50,5.1,70,75,0
26780,2189,781,1408,25.2,218,30,50,5.1,70,75,0
26790,2186,781,1405,25.2,218,30,50,5.1,70,75,0
26800,2183,781,1402,25.2,218,30,50,5.1,70,75,0
26810,2180,781,1399,25.2,218,30,50,5.1,70,75,0
26820,2177,781,1396,25.2,218,30,50,5.1,70,75,0
26830,2174,781,1393,25.2,218,30,50,5.1,70,75,0
26840,2174,781,1393,25.2,218,30,50,5.1,70,75,0
26850,2173,781,1392,25.2,218,30,50,5.1,70,75,0
26860,2172,781,1391,25.2,218,30,50,5.1,70,75,0
26870,2171,781,1390,25.2,218,30,50,5.1,70,75,0
26880,2171,781,1389,25.2,218,30,50,5.1,70,75,0
26890,2170,781,1389,25.2,218,30,50,5.1,70,75,0
26900,2170,781,1388,25.2,218,30,50,5.1,70,75,0
26910,2169,781,1388,25.2,218,30,50,5.1,70,75,0
26920,2169,781,1387,25.2,218,30,50,5.1,70,75,0
26930,2171,781,1389,25.2,218,30,50,5.1,70,75,0
26940,2173,781,1391,25.2,218,30,50,5.1,70,75,0
26950,2174,781,1393,25.2,218,30,50,5.1,70,75,0
26960,2180,781,1398,25.2,218,30,50,5.1,70,75,0
26970,2185,781,1403,25.2,218,30,50,5.1,70,75,0
26980,2190,781,1408,25.2,218,30,50,5.1,70,75,0
26990,2195,781,1413,25.2,218,30,50,5.1,70,75,0
27000,2200,782,1418,25.2,218,30,50,5.1,70,75,0
27010,2205,782,1423,25.2,218,30,50,5.1,70,75,0
27020,2212,782,1430,25.2,218,30,50,5.1,70,75,0
27030,2220,782,1438,25.2,218,30,50,5.1,70,75,0
27040,2231,782,1449,25.2,218,30,50,5.1,70,75,0
27050,2243,782,1460,25.2,218,30,50,5.1,70,75,0
27060,2253,782,1471,27.7,47,10,42,-1,45,60,0
27070,2260,782,1478,27.7,47,10,42,-1,45,60,0
27080,2266,782,1483,27.7,47,10,42,-1,45,60,0
27090,2267,782,1484,27.7,47,10,42,-1,45,60,0
27100,2265,782,1483,27.7,47,10,42,-1,45,60,0
27110,2263,782,1481,27.7,47,10,42,-1,45,60,0
27120,2261,782,1479,27.7,47,10,42,-1,45,60,0
27130,2259,782,1477,27.7,47,10,42,-1,45,60,0
27140,2258,782,1475,27.7,47,10,42,-1,45,60,0
27150,2256,782,1474,27.7,47,10,42,-1,45,60,0
27160,2254,782,1472,27.7,47,10,42,-1,45,60,0
27170,2252,782,1470,27.7,47,10,42,-1,45,60,0
27180,2250,782,1468,27.7,47,10,42,-1,45,60,0
27190,2248,782,1465,27.7,47,10,42,-1,45,60,0
